participant,age,gender,education,english
PP5FHfNTnMnhspJzWH,28,male,5,1
3S54LKjOnMnR5OtzJG,31,male,4,1
Me5E5CjXnMnkEskz6p,56,male,3,1
KQ5Ju44HnMnEbA7zRb,32,male,4,1
VI5drQ70nMnAxt7zBj,29,male,3,1
TR5Wa1jcnMnanVDzPw,60,female,3,1
nt5yqgfYnMn9o3jzPX,40,male,6,1
RR5tLY7QnMnWpYYzwh,60,female,4,1
2I52xMJ2nMnjPwfzyC,70,female,2,1
nm5Y8GoFnMnhPGxzph,51,male,4,1
an5ctWocnMnUbNnzQn,62,female,4,1
VH5bHDx8nMncN0IzxU,38,male,3,1
Jx5W2X9PnMnvEVTzBF,48,male,5,1
F25IWg6jnMnCowtzff,35,female,4,1
4d5kBijynMn2GnrzUM,69,female,3,1
uk5XlH23nMnmtYBz4W,73,male,3,0
iy59h7qonMnNpjbzFu,23,male,2,1
lW5cd2MhnMnA2Dazux,23,female,2,1
H455xc1KnMno8qwzUD,50,female,2,1
VQ5OBQ3inMnWqX8zdv,41,male,4,1
tk5qfRCLnMnWI5Rzkc,32,female,5,1
hu59bHjinMnD7Bpztv,33,female,4,1
E95FaDGanMnP2CpzpB,38,female,4,1
535xotLInMnp414zOB,35,female,5,1
vW5ipRN7nMnuNIxzRo,27,male,4,1
dB5321mbnMnCnG4zjN,58,female,4,1
vj5QOOXbnMni3c3zw1,30,female,2,1
6W5brUEknMnwuMmzkF,73,male,6,1
FG57epjbnMncmADz1X,30,male,5,1
kk5xuQBrnMnF6qtzku,36,female,4,1
WW5hWtfRnMnFkNIzYN,45,male,3,1
oG5IdGAxnMncFPazIr,37,male,4,1
wN5yu8T2nMnLtcFziN,34,male,3,1
tj5wxvJlnMnJ1nTzkE,24,male,2,1
SF54y2oqnMncncUzEg,25,male,2,1
tT5cuaSRnMnXeegzeB,53,male,3,1
Fp5UA48bnMnrDBBzFM,37,female,4,1
Ia5VC8BFnMnk6HtzLn,25,female,5,1
MS5pLd8lnMnAicKzxM,60,male,2,1
ab5jQGGynMnoYMEz8N,32,female,5,1
8P5dW2pBnMnk0SCzND,33,male,2,1
1s5BfMYNnMnmAi2z3b,35,male,2,1
qv5me41lnMnwBooz7a,38,male,5,1
wC5IlIJYnMnH83Hzbp,44,male,2,1
4G58nHIjnMnJFoGz2M,34,male,3,1
Qb5wObFFnMncg7VzQw,62,female,4,1
nf5yvmounMn61RezrC,35,female,4,1
Vq50ct11nMn37AYzMJ,45,male,4,1
1c5G66JQnMnkK0pzqX,29,male,4,1
yD5L7jHNnMnnkDPztN,38,female,4,1
185nFVe0nMndN0Wz16,38,female,3,1
AW5cNG2BnMnVlQMzHS,38,male,5,1
AH52wTlYnMnp8mhzPO,63,female,4,1
Hp5cHpdunMn9Qriz91,29,female,5,1
f35hgOLjnMnCgm5zGK,25,male,4,1
dJ5oCycBnMnsvimzQQ,30,male,4,1
Fe5jckVfnMnKC31zNu,69,male,4,1
1V5Y15SlnMnYDCez3C,26,female,3,1
di5sY7aKnMnroi4zrp,25,male,3,1
hY5yTQUTnMngttszDS,72,male,2,1
LE5rRlndnMnA7T6zDR,33,male,2,1
bq5uJXIdnMn3fWBz2o,27,female,4,1
nd5IAww7nMnj1cOzVC,28,male,2,1
3s5TonYhnMnAawUzLN,32,male,1,1
wJ51XIrNnMnPaTMzxr,47,male,2,1
jY5a7WownMnt82oz4M,30,male,4,1
Qy5SPXmInMn1xDizfF,33,male,3,0
C85t7UASnMnlFGPzgr,24,male,4,1
mq5P2IGrnMngsBjzYJ,38,male,4,1
hb5vg1G5nMnRUJTzYV,64,female,2,1
rL5CG7oLnMnQlulzTI,29,male,2,1
7e5JVa6KnMnHjwVzud,33,male,4,1
Yb5f6JdrnMncawYzcI,37,female,4,1
Nw5NRvA0nMneWJMznR,31,male,3,1
gp5gy8AMnMn9bwxzCE,33,male,4,1
aF5OuoNJnMnxRY3zPc,37,male,4,1
wQ5mulnFnMne8fUzrC,61,male,4,1
Bg5v4jIinMneahlz9X,59,male,2,1
1C5vVgelnMnBMxFzBC,35,female,4,1
SM5ripTGnMnVk9szK2,31,female,3,1
7V5HrF2vnMnnECSzFd,31,female,1,1
nY548o8lnMnQ2DJzke,29,male,4,1
cO5qasxYnMnLUx2zKH,38,male,5,1
Ux5WOfl8nMnuiCczFq,32,male,4,1
sp5NNXvRnMn27X4zMT,32,male,4,1
ft5iBP3qnMnkoHLzYm,42,male,2,1
H65wBi26nMnS7UXzsp,54,male,4,1
6Y5NKpGOnMnJ64lzaO,22,male,4,1
X75rgW0XnMnrKkdzAe,31,female,4,1
0k5kd3hunMni3eWzwK,25,male,3,1
LO5bQoKGnMnvFuEzpM,35,female,4,1
JU5nWk7unMnlK2CzkC,33,male,2,1
BO59mSOSnMnDnY1zlo,34,female,3,1
Hq5EBt6qnMnxVQVzCh,25,male,4,1
415QWFwAnMnvhSpzhk,70,male,4,1
CX5Yhb9wnMn1htczC3,29,male,4,1
a75x2JCCnMnKf1IzXq,29,female,4,1
0h5ltrpDnMnlhmlzaq,39,male,4,1
2w5PeWP5nMns7RKzaM,32,female,4,1
DX5lwRjHnMn7xjEzts,35,male,4,1
BF5dssQxnMnpKk9zyx,26,female,4,1
kj5deirAnMne7K1zrB,40,female,2,1
2D5PFIaRnMnpwNYzVr,32,female,4,1
2E56tjQRnMnJlm8zsP,38,male,5,1
at5Njej7nMnjgQmz6I,47,male,3,1
6U5lmEI2nMnwjONzxG,47,male,2,1
Vd5wVQTUnMnTfbXzsu,28,male,2,1
kV5w8MjGnMnuTgQzfA,33,male,3,1
4Y5uPxVYnMnATu7zX3,45,male,4,1
wB5P5EHXnMnMGyRznv,26,female,3,1
v25e0NDdnMnQE6uzwG,30,male,4,1
Eg5EyjCMnMnfbSXzTw,31,male,2,1
Yf5eUDcAnMnBBGbzHK,29,male,1,1
AJ5Hq4xnnMn4in7ziI,34,male,4,1
ej5DrTD4nMnf02xzQH,37,male,5,1
Wx58a4D5nMnqtjqznJ,35,male,2,1
Tp52nMSonMnLBpDzpO,42,male,2,1
yI5dFdi6nMnwAUqzia,57,male,2,1
0D56Y7EMnMnM926zp9,53,male,4,1
mQ5GvysEnMnQkwLztL,41,male,3,1
xE505y4unMnMS8wzSG,30,female,2,1
eC5AYSEknMnoQKXzys,35,female,3,1
t057FD8pnMn9s5xzVW,33,female,4,1
W25lTDmbnMnkH19zhG,55,female,2,1
TJ5PG0plnMnFsDazoC,26,female,4,1
gP50UjvGnMnVAo4zkr,43,male,4,1
1I5Du2h0nMnWq9oz0T,32,male,4,1
y65wJQ00nMnj9Ebzpt,35,male,2,1
tm5Ea5TBnMnnOLIzPB,30,female,2,1
If5NeJSnnMnChFwzv7,22,male,2,1
wo5cPqJqnMn2FhTzMo,24,male,4,1
q15XBruBnMnk340zKe,29,female,3,1
lK5x9EEwnMnp4IdzWe,33,male,5,1
Oi5vm9XFnMnuQTxzmt,37,female,2,1
y65131R3nMn6fF2zJI,35,male,4,0
Go5I288unMnidhEzae,37,male,5,1
ns5bfk42nMntdmrzG0,32,female,4,1
aJ5uOtF2nMnFiGDzgk,28,male,2,1
M55pQCa7nMnLfK9zQS,41,male,2,1
A05Ak5c2nMnR7Bvzfx,31,male,4,1
3G58N0dBnMnpI4KzWt,53,male,3,1
Fe53RL8QnMnjLIWz4g,30,male,5,0
oJ5F6uL5nMnfm3OzoQ,27,female,4,1
Lq5DfvuunMnqWI6ztC,28,male,4,1
SO5EfbCLnMn4LexzC8,35,female,4,1
wm56SUhlnMnotaDzG7,37,female,4,1
5l5t3mUjnMn6H6nz8s,62,female,2,1
Pa5CySIsnMnn7y5zK9,23,female,2,1
qe5aM1qhnMnCV51zSs,31,male,5,1
Gr5RdijOnMn4OpAzEV,59,male,3,1
oS58IH3dnMnySuvzfN,27,male,2,1
Fp5xIVSdnMnp0rdzSQ,30,male,4,1
mE5NU4RbnMn98g3zwu,33,na,3,1
E7595LienMnnPFNzuI,60,male,4,1
WR5QjVmRnMnXaOnzv8,33,female,3,1
GB50t6h9nMnSt3hzXJ,29,male,4,1
nM5Npy2RnMnV9UtzLO,48,male,4,1
f05ovfhunMn0OFgzXK,34,female,3,1
rO5KLmGnnMnR71iz0U,54,male,4,1
yd5w0OItnMnoMG8zJv,36,female,4,1
CX5QdbhNnMnKJgLz17,64,female,3,1
PM5DLaU3nMnyAobzVf,31,male,5,1
PI57bQ9rnMndpyHztC,34,female,3,1
K95cWOoCnMn0H2Yzdx,28,male,3,1
LV5won3KnMn9KwTzYm,32,male,3,1
ms5pS7DgnMn4IBWzMX,30,male,4,1
oR51iwr3nMnFxiDzWV,30,male,5,1
5v5oaB3hnMnwFqizWH,33,female,4,1
pD5LpaOFnMnje7DzAf,22,male,3,1
qf5m2LfCnMn3jGXzEp,28,male,4,1
DY5IIg2gnMnjeDvzLu,32,male,4,1
QO5r9P8xnMnkolrzFH,37,male,4,1
5Y5ndXf7nMnpN02zrP,32,male,3,1
cA5CeSWvnMnBIt6zx9,38,male,4,1
qU5WhqvgnMnXgYRzC4,58,male,2,1
xl5ftHNenMnjb6ozfK,24,male,2,1
D55eVcT7nMnGC1SzQN,33,male,3,1
8d5KJiY4nMn4CI3zon,31,female,3,1
9Q5sMWvxnMnHEG0zoO,36,male,4,1
LB5eC9brnMnbObLzPB,26,male,2,1
VS5Pdyk2nMn7PJ5zAg,26,male,4,1
1N5NBYutnMndLFyzCd,33,female,5,1
6k5Jcp2WnMnreAYzDq,34,female,2,1
jg5nBvJmnMnD5JUzQc,23,male,3,1
u55uuQ7OnMnvxOKzno,39,male,2,1
iX5bN9MlnMnaRtMzSj,34,female,3,1
hU5OyI81nMn4qDczLj,32,male,2,1
lU5WM2PInMnOQu1zbO,34,male,2,1
Y85TKHudnMnojXVz5v,29,male,2,1
Ca5SYTd8nMnaJ1tzAN,25,male,5,1
Qe5xhej6nMnVfPQzGJ,20,male,2,1
YJ5tLHn5nMnTw0kzUn,25,male,4,0
vJ5OdPkDnMnUJ4EzQH,22,male,4,1
nb52amQRnMnbUD4zjF,30,male,2,1
UK5GMHgbnMncMobzqA,22,male,4,1
qC5HuHG2nMnDppFzgH,26,male,2,1
kx5sQUUDnMn2auNztA,26,male,4,1
7O5TJMERnMnwdURzgi,38,male,2,1
pu56OXk5nMn51nPzHw,30,male,5,1
L45gm3J2nMn1eFlz8y,31,male,4,1
Mu5EXJ7ynMnthKIzSh,21,male,2,1
mY5C9XgHnMnQRBxzur,39,female,2,1
Q85jxV5QnMniXqkze9,25,female,3,1
uv5rIX4YnMnHELFzkd,23,female,4,1
uH52qhC8nMnNTbezvf,27,male,5,1
FP5o34iAnMnLiDPzBM,56,female,2,1
Pu5Sb1FfnMnXJyxzvu,34,male,2,1
Gk5vmf8cnMnvm1GzGr,37,male,4,1
Ar5IBJNknMn4P9JzOX,30,male,4,1
hh5jy2RdnMnRwrpz8X,29,male,5,1
PL5ShRu2nMnucCQzRF,31,female,4,1
cr5I6OdvnMn1kHnzhp,45,female,3,1
lA5A3MoEnMnWTDuzOM,38,male,2,1
os5TWIQSnMnvr6WzVD,47,male,5,1
ED5u91GOnMnI8XdzaV,25,female,4,1
tU5mFtyHnMn36boz0D,41,male,3,1
7455YEM6nMnpG3Nzuf,58,male,2,1
yq5XMJILnMnsPKUzu3,56,male,3,1
fV5LWS2snMnh3sOzlU,25,male,2,1
U35E7drbnMnaDKUz83,51,female,3,1
qX5sM2I7nMntDACzSj,28,female,3,1
c35DBSRAnMnijfXzPJ,20,na,2,1
eg5pko7inMnIuDfzYe,41,female,3,1
jW5NTnTSnMngHQKzpa,28,female,3,1
OJ57wyiinMnBQcpzck,28,female,3,1
Cw5epF8dnMnEMUszdY,38,male,3,1
Co5P3Y6knMnHw2dzle,39,male,4,1
YR5kviVXnMnnJG0zok,25,male,4,1
qn5mJNECnMnFO4rzWe,34,female,2,1
qP52ONXwnMnsOuuzYd,30,male,4,1
lV56vICRnMn0DArzmB,49,male,2,1
rm5BqtVBnMnseM3zeU,65,female,4,1
145OD9HcnMngfp9zLg,65,female,4,1
UU5l33uSnMnQlg9zQo,51,female,3,1
qf5QId6NnMns3sFzRN,54,male,3,1
4k5oh3EGnMnkeFazWp,44,male,4,1
Qv5uPmuVnMn1tyFz4i,39,female,4,1
f45T4jn3nMnPC30zwd,34,female,4,1
WV5DXsoUnMnGVohzFq,41,female,4,1
Kj53kyucnMnhSCOzhO,28,male,5,1
Bo5qmen8nMnBOWqzJE,27,male,4,1
jy5niIvFnMnIkckzID,34,female,4,1
Bj5ObjHQnMnUkJtz8W,38,male,5,1
Qh5uohmbnMnwyUVz7C,25,male,4,1
gE5B1KO4nMn8JFKzg7,61,female,3,1
El5lnDmJnMn0h1EzNB,27,male,2,1
X35tMvuPnMnUs9azlx,34,male,4,1
B0555pkunMn0EkxzTd,23,female,2,1
fv5rvjbMnMnEq6fz4W,39,male,5,1
ad5orQqdnMnCrp0zGY,22,female,4,1
4B59fa1JnMnDtQFzd8,59,female,2,1
v15mJanKnMnSiDbzu6,33,Genderfluid,3,1
f55IBqbSnMnjYQTzr0,38,male,4,1
eE5NF4tYnMnL4c2zI4,28,male,2,1
e45Y7q0xnMnDLwyziS,22,male,4,1
pp50eG2JnMnAB0jzEj,50,female,5,1
lO5gbTbqnMnWmEDzNO,37,male,4,1
345FtSGHnMnpTEhz2u,36,male,5,1
mV5TPIPYnMnk7YLz7o,50,female,3,1
sM5lSD8snMn0dkezNa,35,male,4,1
Jq5rPGeonMnP1QqzJ4,53,male,4,1
bl5n4LOinMnNyilzk1,32,female,4,1
F85EU3ronMnttJFzLr,31,male,5,1
Sw5QMY4CnMnDJcpzdG,36,male,4,1
V45rseSgnMnkfYpz0n,31,male,2,1
ph5leUrLnMnpQ01zRk,64,female,3,1
1Y5VVyENnMn2UcCz8h,35,female,4,1
GD5jGmBlnMn0SnKzpu,29,male,4,1
yR57jsU7nMnkyR2zF7,28,female,5,1
fC5HwWlJnMnpGj0z07,23,male,2,1
Pn5hDNginMnbkDNzht,38,female,5,0
2G5SGCvTnMnj8FLzam,23,male,2,1
Sh5Mey9TnMn7jbDzWp,34,female,2,1
N55KNJ0TnMnoK67z30,59,female,5,1
Ui5bEIx8nMnlvLlzJ4,26,male,4,0
Ep5YCOFvnMnlmHtzS1,38,female,4,1
nw5yXsCanMnTOaezDQ,27,male,2,1
5W540NEWnMnqSplzRB,44,female,2,1
uE5SMG6cnMnfoWgzI8,25,male,4,1
vN5lHIVFnMnyOfDzsI,35,female,4,1
lc5YiQ69nMnHLijzb3,30,male,4,1
aO5VXWVunMnn2eqzRT,50,male,4,1
fg5J8uvLnMnd5kszND,35,female,5,1
O65mc494nMnGMpVzdf,46,male,4,1
gG5trBVAnMnePKSzA8,25,male,4,1
aS5m08TvnMneOR7zvn,25,male,4,1
n55nBvqVnMnyhiGzt4,22,male,4,1
GQ5YwgiSnMn3mbbz5Q,35,male,3,1
tq5iJOHqnMnnLhIzil,30,male,4,1
0w5poD5InMnvHkgzRC,47,female,4,1
OO5VC8FxnMnheeOzO2,39,female,4,1
QJ5sfdCRnMngopxzBL,30,male,5,1
Hm5WJIxJnMntGoQz03,26,male,2,1
sp5DHODwnMn71XFzpl,38,female,5,1
i75cVPiYnMnNh15z3q,35,male,3,1
0h5nUb9jnMnkOsqzpV,54,male,5,1
Ef5TdeeGnMnA2ePzSD,38,male,2,1
OD5OUjoynMnpyJBzAk,39,female,2,1
nf56TOHNnMnbUOlzud,36,male,6,1
9f5Yc7asnMnUaN6zgr,25,male,3,1
vt55eTYanMnraQ5zjV,64,male,2,1
VB5pXVtknMny8MfzUC,26,female,5,1
Yc5SsTrenMnlHngzRk,29,female,2,1
Ha51jao6nMnsw5sz19,51,female,2,1
iy52DgucnMnqT7vzO6,32,male,4,1
BT52tvRKnMn1Yb3zPo,25,female,2,1
Hm5HE2PRnMnx41lzNN,43,female,4,1
cV5hXFjQnMnxD0rzWy,45,female,3,1
B95MPJpQnMnl2TizjE,56,male,4,1
q85HVM2enMnqgHVzcM,39,female,4,1
tx5iAohFnMncO5Dzjg,28,male,2,1
ht5OvMXEnMnUKapzr1,24,female,2,1
0C5G5IEYnMnBJtyz51,61,female,3,1
0y5CRSATnMncvu5zqX,35,female,5,1
KQ5vm5IQnMndC1xz3a,35,male,3,1
FM5vWTi5nMnaPOLzbw,41,female,4,1
Vy5LNtAYnMnAllvzUV,49,female,4,1
n05RheWtnMn21XTzkk,35,female,4,1
LF55KmlMnMnUv0MzIL,31,male,3,1
Xa5lYUd2nMn5obszt5,27,male,4,1
Bg5QXlfNnMn8hrMzAa,35,male,5,1
Kf5UMTfQnMnXt90zIa,33,female,4,1
cf5NXw6rnMnYg7nzS2,34,male,4,1
v550pkxInMn8JYPzM8,50,female,2,1
lj5kgLndnMnqbHmzgf,23,female,4,1
5S5hVGqSnMnMJjezOW,31,female,3,1
LK5FvTutnMnjli7zh6,48,female,3,1
6659Csv4nMnyqNKztM,41,male,2,1
Lp5TLCE1nMnu7oDzpf,49,female,4,1
Ui57GrXJnMnVcrNzEq,25,female,4,1
VQ5trokPnMnmbmnzSy,27,male,4,1
HT5aiJEbnMnHSOFzxh,41,female,4,1
aM5c3elvnMnfxkCzCo,28,male,4,1
8p538DrpnMnjpNUzwH,45,male,3,1
p05NW7yOnMnWanbzoP,58,male,2,1
Wx5dMstunMntgbiz7m,32,male,5,1
GV5m0y1PnMnuym6zfE,23,male,3,1
PI5Ny86VnMna0sEz0W,31,male,4,1
NF5S2svOnMnYXhbzBW,49,male,2,1
jI5UYwSenMn6nyazwn,39,male,4,1
Bo5TlbFtnMngDulzQ7,29,male,4,1
bm5mk4KvnMnuy0xzUR,66,female,3,1
4K5iawxLnMnhN5BzpG,26,male,2,1
id5lHapTnMn5yrjznc,30,female,4,1
qj5ISuaDnMnca0Jznr,29,female,5,1
y25qOTeOnMnmLPsz3U,39,male,3,1
Dv5oj72wnMnlwsSzRU,28,nonbinary,4,1
K25DQQ1JnMnei67zqy,63,female,6,1
Re5NamyLnMnCsR8z0G,30,male,4,1
bg5OBv4YnMnq01lz02,36,female,2,1
eS51tnpfnMn6bO9zO7,70,female,3,1
L35YbKK4nMnvT0Lz6c,59,male,4,1
No5uGJFJnMnh1a6zYQ,33,female,4,1
VB5SrDuNnMnscuazDo,32,male,5,1
uW5FUK74nMnArXnzYx,57,male,4,1
6v5haXQfnMn7tJazbn,33,male,4,1
ab5IkQj3nMnCUJnzQB,23,female,2,1
Yf56lNc3nMnICFvzxm,43,female,4,1
JC5n48RcnMnpMe4zfB,29,male,2,1
Bs5iytxknMnwqgCzpH,62,female,2,1
nY5FtqURnMnmIC1zwo,26,female,3,1
KS51ClgRnMnsvb9zVJ,32,male,4,1
2A5uajP1nMnYUWnzmy,36,male,4,0
hF5BxNP8nMncvKOzm6,37,female,2,1
Fd57mtfVnMnBihVzFU,23,female,4,1
Jb5KnK5pnMnxu8Mzwy,23,male,5,1
rX5EhDHYnMnnopjzo1,31,female,4,1
sj5jD2SenMn3MlGzyM,50,female,4,1
EY5qKwfanMnv4oIz2L,27,male,4,1
Rp5djlk9nMnjOqfzcO,26,male,2,1
E75IoirinMnLhckz13,56,female,2,1
yI5RHgTpnMnHeTwzxv,46,female,5,1
Jl5CtxwtnMnpVOtznp,33,male,4,1
yr5dvb03nMntwtVzmw,38,male,4,1
xT5uQ9QknMn7jNPzG4,29,female,2,1
O65r37Q8nMnmXXMz0a,25,male,3,1
tp5elp1cnMn9KeVzyl,33,female,4,1
UM56DxlDnMnMyO7zyU,43,female,2,1
Uw5R2coHnMnSqk7zNg,32,female,2,1
BK5kDUC4nMnoIHszIT,29,male,3,1
hm53vG8SnMnoWg2z97,30,female,5,1
eW5opEjpnMn8c7Bz7E,48,female,2,1
dP54U1bnnMnxq5YzWy,36,male,2,1
T45OdUunnMnwhDLz8S,31,female,4,1
V158BM36nMny8mYzaq,55,female,3,1
vl5q7vLanMnsYTYzSY,40,female,4,1
K05uNXS4nMn5VL6zGP,33,male,2,1
DX5kLnY7nMn9lALzIg,55,female,4,1
of5sjQb8nMnVYpQznw,38,female,4,1
j95MhXRqnMne5Qyzfq,58,female,4,1
hw5V7gOVnMnlebnz0N,26,female,4,1
DS5PMFmLnMnsoNtzVR,45,male,3,1
Yr5BnGPLnMn6aRFzPY,28,female,4,1
cV53ihmynMnLPeFzfS,45,female,4,1
I65DLueGnMniT5Pz7s,65,male,4,1
AL5TnENdnMnR2gKz98,25,male,2,1
2q5Ykj1dnMn6mpszFt,32,male,4,1
1w5jTtVBnMnmGBDzvN,45,female,4,1
we5yxGAEnMnHRa4zWx,49,female,4,1
fL55LFXynMnduQTzaW,30,female,4,1
0t5rdPABnMn7UlCzHn,31,male,2,1
dx5AcuGTnMnXql2zIh,58,female,4,1
w95Itm7tnMnUETlzxs,34,female,4,1
Nc5pPjRxnMnqjwYzyA,29,female,2,1
2258ErlfnMnTmyszFn,32,male,2,1
ut5UcMXinMn3omdzGT,47,male,2,1
CF5J6QafnMnT01gzGg,28,male,4,1
XN5sTt2xnMnAPNQzxM,60,female,4,1
dm52nlTqnMnYAv5zq7,65,female,2,1
ky5DTUkvnMnKFxGz29,35,male,4,1
k95a4esAnMnFiFczge,52,male,4,1
d45iiDalnMnicsEzWI,48,female,2,1
9O5YbY7enMnb9yPzlJ,55,female,4,1
gI5PUVaGnMnqwOVzEI,27,male,4,1
Qx53dGTXnMnJCcSzC0,35,female,4,1
xi5dBlYUnMnPHSez7Y,33,female,4,1
hb5Oj6i1nMneARPzMv,42,male,2,1
QQ5SGGlLnMnN9uvzIJ,27,female,3,1
Du5bT7BvnMnyStezvn,32,male,2,1
VN5vgdaBnMnau0IzXq,31,female,4,1
ow5DVSyInMnIJVmzC9,56,female,5,1
Jr5Aat4hnMnipq6zSS,45,male,2,1
Pl5FoOdEnMnPEIjzqh,43,female,4,1
hD50tWhSnMn3dbYzDX,30,male,3,1
dl5pq0U3nMnoobYzTF,44,female,3,1
8F5qKuGvnMnsF6wzHc,65,male,3,1
ek5EV9l8nMnTg1IzNo,33,male,3,1
X55bMeLunMn5d67zCi,62,female,2,1
Cq5bWTHHnMnvT7PzC0,69,female,5,1
Gn572AaWnMnb8wnzeE,41,male,3,1
WT5596QqnMnVxhGzwv,54,female,2,1
QY5CEliAnMn5OG2ztv,24,na,4,1
Gj5pl8oBnMnnK3sz9B,36,male,4,1
Rv5MOdWdnMnHAM3z4N,69,female,3,1
6h5kn3b6nMniS5rzwH,33,female,3,1
XP5M8N6nnMndLr7zr6,64,female,2,1
WW5WO69WnMnYUAxz4h,31,male,4,1
g35CAlfJnMnQpcszIx,37,female,2,1
EA5KOJhGnMn5mBizh8,36,male,4,1
UR59HXhrnMn5pQTzao,37,female,4,1
rK5KGEXlnMnAi2Dzo3,32,male,3,1
5G5JPfGVnMnudGdzY8,20,male,2,1
SO5WIrk3nMnvo56z5e,30,male,4,1
sK5fyt10nMnjkSwz0L,52,male,5,1
TI5WEWOFnMnaRGLzEh,21,female,3,1
8S56PR3knMnqJ6UzGn,40,female,5,1
BY5JE2eXnMnFwcIzuT,59,female,3,1
Y55w7LMwnMnatL6zyr,46,male,2,1
wJ5EutLpnMn3c1LzuE,46,male,2,1
vq59U1T6nMno0Q0zla,290,male,5,1
HP5DQbYinMnWIvhz53,51,female,2,1
xb5nAyM5nMn0fAEzcr,26,female,1,1
a354FiKInMnUIHWzc8,22,male,2,1
IJ5voklDnMn3BVEzLi,27,male,2,1
ul53sWSKnMn1aL2zw6,29,male,3,1
PY5mSO4gnMnn9MIzao,28,male,2,1
1g5apaDmnMngqtJzr4,31,male,4,1
ei5t4W2tnMnF9LXzPQ,29,male,3,1
RE5xCTGdnMnNr8SzKi,42,male,2,1
Kr5MX4senMn0DTxztO,24,male,4,1
t15WVmnjnMn3fLCzC9,35,male,4,1
b55cumnqnMnCEf1zXL,37,female,4,1
PU5iWOhunMnG5NczCu,30,female,2,1
QG5lUJDpnMnFqa6zb4,72,female,2,1
Dc5NdjR5nMnA1c3z1J,52,female,5,1
8x5a8RNOnMn1KWDzIS,37,female,2,1
pW5F6sxFnMnIWOxzPk,69,female,3,1
l75jUYOUnMndRMczyr,47,female,2,1
jo5dgIHonMnxjWDzw7,30,male,4,1
Je5lmTN3nMnJbX7zhS,38,female,4,1
h15nVgnCnMntB62zR8,28,male,2,1
oq50Wuc3nMnqQ4wzlu,43,female,4,1
1O5sBvYhnMnhjhqzKW,25,male,4,1
qW5HJ0m4nMnLOXRzNG,45,female,5,1
YU5VYRFinMnBrIOz2H,30,female,2,1
nP50XTSCnMnbnaazgQ,43,female,3,1
515gRhX8nMndQLRzP8,25,female,4,1
mw5kcYXYnMn8xI6zQ4,48,female,4,1
2R5ou4K4nMn5XMVziw,24,male,2,1
Au5Lyl9onMnSMnVzDT,28,female,2,1
VJ5Ye88AnMnwDAizuI,64,male,4,1
PE5VresanMnvDFuzKq,34,male,2,1
C95rbvLNnMnn35dzfk,31,male,2,1
Xi56wfERnMn7AiozUT,49,female,4,1
JD5n5cyanMnva9izcy,29,female,4,1
Rt5eXeXInMnV76HzAu,25,male,3,1
kq5B6J7RnMnaCyuzad,29,male,4,1
135W5nCinMnCRebzKS,40,female,5,1
Nf5reSfvnMnYjBfzYL,39,male,5,1
0p5QBQeInMnOr3mzsS,50,male,4,1
uX5uBefenMnqJn2z0A,22,male,2,1
Br5FNCfpnMnbulAzVi,68,female,2,1
P75KyhJEnMnyytDzPL,31,female,4,1
545DOgm0nMnFgmuzU1,24,male,4,0
go5KoPGtnMnxKMqzlo,57,female,4,1
Ou58wHr1nMnBls7zkh,35,male,4,1
3R5taeiNnMnoNXHzMp,27,male,4,1
sF5Vnmi2nMn0sMezhv,28,female,3,1
hG5HR7I8nMnKmfLzeb,35,female,4,1
Bp5yvHLDnMnXiCXzl0,50,male,4,1
A55SBlHbnMnFtlUzhl,69,female,3,1
dN5HE4ITnMnemi7zr1,39,female,2,1
Gg5TyEt4nMn1jCCzkV,45,female,2,1
3K50E3otnMn3gclzat,60,female,4,1
lQ5gRtYdnMn4NtOzKR,28,male,4,1
UD58LFn7nMnfYR2zhu,40,male,6,1
8u5x9W1gnMn9qGvzmX,48,male,2,1
WW5CCauDnMnusXvzyQ,28,male,2,1
rs5JMD08nMnhEC9zLf,58,male,2,1
