participant,credibility_0,credibility_1,credibility_2,credibility_3,credibility_4,credibility_5,crt_0,crt_1,crt_10,crt_11,crt_2,crt_3,crt_4,crt_5,crt_6,crt_8,crt_9,curiosity_0,curiosity_1,curiosity_2,curiosity_3,curiosity_4,curiosity_5,curiosity_6,curiosity_7,curiosity_8,curiosity_9,religion_0,religion_1,religion_2,religion_3,religion_4,religion_5,sciKnowledge_0,sciKnowledge_1,sciKnowledge_10,sciKnowledge_12,sciKnowledge_13,sciKnowledge_14,sciKnowledge_15,sciKnowledge_2,sciKnowledge_3,sciKnowledge_4,sciKnowledge_5,sciKnowledge_6,sciKnowledge_7,sciKnowledge_8,sciKnowledge_9
0C5G5IEYnMnBJtyz51,0,0,0,0,0,0,1,1,1,1,1,1,1,1,1,1,1,5,5,5,5,0,3,0,0,3,2,0,0,0,0,0,0,1,1,1,1,1,1,1,1,1,1,1,1,1,1,0
0D56Y7EMnMnM926zp9,3,3,4,3,0,1,1,1,1,1,1,1,1,1,1,0,1,5,5,5,4,1,5,2,5,5,5,5,5,5,3,5,5,1,1,1,1,0,1,0,0,1,1,1,0,1,1,1
0h5ltrpDnMnlhmlzaq,2,3,2,2,2,2,0,0,0,0,0,1,1,1,0,1,0,3,3,3,3,3,3,3,3,3,3,3,3,3,3,3,3,1,1,1,0,1,1,1,0,1,1,1,1,1,1,0
0h5nUb9jnMnkOsqzpV,1,2,1,1,0,1,1,1,1,1,1,1,1,1,0,1,1,4,3,3,3,2,2,2,2,3,3,1,1,2,1,2,1,1,0,1,1,1,1,1,1,0,0,1,1,1,1,0
0k5kd3hunMni3eWzwK,1,2,2,1,1,2,0,1,1,1,0,0,0,0,0,0,1,2,4,4,4,4,4,4,4,4,4,2,2,2,3,2,3,1,1,1,0,0,1,1,0,1,1,1,1,0,0,0
0p5QBQeInMnOr3mzsS,1,1,0,1,1,1,1,1,1,1,1,1,1,1,1,1,1,3,2,2,2,2,3,2,2,3,2,0,0,0,3,0,0,1,1,0,1,0,1,1,0,0,0,1,0,0,0,0
0t5rdPABnMn7UlCzHn,4,0,5,3,4,5,0,1,0,1,1,1,1,1,0,1,0,4,5,5,4,5,5,5,4,5,5,4,0,4,3,3,4,1,1,1,0,0,1,0,0,1,0,1,0,1,1,0
0w5poD5InMnvHkgzRC,2,3,2,2,1,2,1,1,0,1,1,1,1,1,1,1,1,3,2,3,3,3,2,2,2,3,2,0,0,0,0,0,0,1,1,1,1,1,1,1,1,1,1,1,0,1,1,1
0y5CRSATnMncvu5zqX,0,0,1,0,0,0,1,1,1,1,1,1,1,1,1,1,1,3,4,3,4,4,3,3,3,3,3,0,0,0,0,0,0,1,1,1,1,1,1,1,0,1,1,1,1,1,1,1
135W5nCinMnCRebzKS,5,3,4,4,3,4,0,0,0,0,0,0,0,0,0,0,0,3,4,3,5,4,5,3,5,4,4,4,4,5,3,3,4,1,0,0,1,1,1,1,1,0,1,0,1,1,1,0
145OD9HcnMngfp9zLg,3,3,3,4,3,3,0,0,0,0,0,0,0,1,0,0,0,3,3,4,3,3,1,3,2,2,4,3,3,4,3,3,4,1,0,0,1,1,1,1,1,0,1,1,1,0,1,0
185nFVe0nMndN0Wz16,3,3,3,2,2,2,1,1,1,0,0,0,1,0,0,1,1,4,4,4,4,4,3,5,4,5,5,5,3,5,5,5,4,1,1,0,1,0,0,1,1,1,1,1,1,1,1,0
1c5G66JQnMnkK0pzqX,2,3,4,4,3,3,0,0,0,0,0,0,0,0,0,1,1,4,5,5,5,5,4,3,4,4,3,5,4,4,3,3,4,1,1,0,0,1,1,1,1,1,1,0,1,1,1,0
1C5vVgelnMnBMxFzBC,3,4,4,3,4,3,0,1,0,0,0,1,0,1,0,0,0,3,3,3,4,3,4,3,3,4,4,3,4,4,2,3,3,1,1,0,1,0,1,1,0,0,1,0,1,1,0,0
1g5apaDmnMngqtJzr4,0,0,0,0,0,0,1,0,1,1,1,1,1,1,1,1,0,5,5,5,5,4,5,3,5,5,5,0,0,2,1,0,0,1,1,1,1,1,1,1,1,1,1,0,1,1,1,1
1I5Du2h0nMnWq9oz0T,3,5,4,3,5,5,0,0,0,0,0,0,0,1,0,1,0,3,2,4,3,4,2,3,4,5,5,4,3,5,5,4,4,1,1,0,0,1,0,0,1,1,1,0,0,1,1,0
1N5NBYutnMndLFyzCd,3,3,2,4,3,3,0,1,0,0,0,1,1,1,1,1,0,3,4,3,5,3,3,2,4,4,3,4,3,3,3,3,3,1,1,0,1,1,0,1,0,1,1,1,1,0,0,0
1O5sBvYhnMnhjhqzKW,1,1,1,2,0,1,1,1,0,1,1,1,1,1,0,1,0,5,5,4,4,5,4,5,4,4,5,0,0,0,0,0,0,1,1,1,1,1,1,0,1,0,0,0,0,0,1,0
1s5BfMYNnMnmAi2z3b,2,2,3,1,0,0,0,1,0,0,1,1,1,1,1,1,1,4,5,5,5,4,4,0,5,5,5,0,0,0,1,0,0,1,1,1,1,1,1,1,1,1,1,1,1,1,1,0
1V5Y15SlnMnYDCez3C,1,3,3,1,1,3,0,1,0,1,1,1,1,1,1,0,1,4,4,4,4,3,3,3,4,5,3,0,0,1,1,1,1,1,1,1,1,1,1,1,1,1,1,1,1,1,1,1
1w5jTtVBnMnmGBDzvN,1,2,1,0,0,1,1,1,1,1,1,1,1,1,1,1,1,3,4,3,3,3,2,3,3,3,4,2,2,3,2,3,3,1,1,0,1,1,1,1,0,1,1,1,0,1,1,0
1Y5VVyENnMn2UcCz8h,2,2,2,1,0,1,1,0,1,1,1,1,1,1,1,1,1,3,3,3,3,2,3,2,4,3,3,4,2,3,3,2,3,0,1,1,1,0,1,1,1,0,1,1,1,1,1,1
2258ErlfnMnTmyszFn,0,0,0,0,0,0,1,1,1,1,1,1,1,1,1,1,0,5,5,5,5,5,5,4,4,5,4,2,2,2,1,1,1,0,1,1,1,1,1,1,0,1,1,1,1,1,1,1
2A5uajP1nMnYUWnzmy,4,3,3,5,5,4,0,1,1,0,1,0,1,0,0,1,1,4,3,3,3,4,4,4,3,3,4,5,5,5,5,5,5,1,1,1,1,0,1,0,1,0,1,1,0,1,1,0
2D5PFIaRnMnpwNYzVr,3,4,4,3,3,4,0,0,0,0,0,0,0,0,0,0,0,4,3,3,4,4,4,4,3,4,4,4,4,4,3,4,3,1,0,0,0,1,1,1,1,0,0,0,0,0,1,0
2E56tjQRnMnJlm8zsP,4,3,3,4,3,3,0,0,0,0,0,1,1,0,0,1,0,4,3,4,4,3,4,3,3,4,3,4,3,4,3,4,3,0,1,0,0,1,1,1,1,0,1,1,1,0,0,0
2G5SGCvTnMnj8FLzam,1,2,1,1,1,1,0,1,1,0,1,1,1,1,1,1,1,4,3,3,4,5,3,2,3,4,3,2,1,3,3,3,3,1,0,1,1,0,1,1,0,0,1,0,0,0,1,1
2I52xMJ2nMnjPwfzyC,1,2,2,2,2,2,1,1,1,0,1,1,1,0,0,1,0,5,4,4,4,4,4,4,4,5,4,3,3,3,3,3,3,1,1,0,0,1,1,1,0,0,0,0,1,1,0,0
2q5Ykj1dnMn6mpszFt,0,1,1,0,0,0,1,1,1,0,1,0,1,1,1,1,1,4,4,4,4,3,3,3,4,4,3,0,0,0,0,0,0,1,1,1,1,1,1,1,1,1,1,1,1,1,1,1
2R5ou4K4nMn5XMVziw,0,0,1,0,0,0,1,1,1,1,1,1,1,1,0,1,1,3,4,4,4,3,2,3,3,4,4,5,5,5,5,4,3,1,1,1,0,1,1,0,0,0,1,1,0,0,1,0
2w5PeWP5nMns7RKzaM,1,0,0,1,0,0,0,0,1,0,0,0,0,1,0,0,1,3,3,3,4,2,2,1,0,3,1,3,3,2,2,2,3,1,0,0,1,1,1,1,0,0,0,0,1,0,1,0
345FtSGHnMnpTEhz2u,3,3,3,3,2,2,1,1,1,1,1,1,1,1,1,1,1,3,3,3,3,3,3,3,3,3,3,2,2,3,3,3,3,0,1,1,0,0,0,0,0,1,0,1,0,1,1,1
3G58N0dBnMnpI4KzWt,3,3,3,3,3,3,1,1,1,1,1,1,1,1,0,1,1,3,3,3,3,3,3,3,3,3,4,4,4,4,4,4,4,1,1,1,0,0,1,0,1,1,1,1,0,0,1,0
3K50E3otnMn3gclzat,1,2,3,2,2,2,1,1,1,0,1,1,1,1,1,1,1,3,3,3,3,2,3,2,2,3,3,5,5,5,5,5,5,1,1,1,1,1,1,0,1,1,1,1,1,1,1,0
3R5taeiNnMnoNXHzMp,0,0,2,0,0,5,1,1,1,1,1,1,1,1,1,1,1,5,5,5,5,5,5,5,5,5,5,5,5,5,5,5,5,0,1,0,1,0,1,1,1,1,1,0,0,1,1,0
3S54LKjOnMnR5OtzJG,1,1,1,1,1,1,0,1,0,0,1,1,1,1,0,1,0,3,3,3,3,2,3,2,3,3,3,5,5,5,5,5,5,1,0,0,1,0,1,0,1,0,1,0,1,0,0,1
3s5TonYhnMnAawUzLN,2,3,3,2,2,0,1,1,1,0,1,1,1,1,0,1,1,5,5,5,5,5,3,2,4,5,5,5,5,5,5,5,5,1,1,1,1,1,1,0,0,1,1,0,1,0,1,0
415QWFwAnMnvhSpzhk,3,2,3,3,2,2,0,1,1,1,1,0,1,0,0,1,1,3,4,3,4,2,3,3,4,3,4,5,3,5,5,4,3,1,1,1,0,0,1,1,0,1,1,1,1,1,1,0
4B59fa1JnMnDtQFzd8,3,4,3,3,3,4,1,1,0,1,1,1,1,1,0,1,1,4,4,3,4,3,3,2,3,4,4,5,5,5,5,5,3,0,1,1,0,0,1,0,1,0,0,1,0,0,1,0
4d5kBijynMn2GnrzUM,5,5,5,4,4,5,0,1,0,1,1,1,1,1,1,0,1,5,5,5,5,2,2,1,5,3,2,5,5,5,5,5,5,1,1,1,1,0,1,0,1,1,1,1,0,1,1,0
4G58nHIjnMnJFoGz2M,3,5,5,4,2,3,0,1,1,1,1,1,1,0,0,1,1,4,5,4,4,2,4,2,2,4,2,0,0,0,0,0,0,1,1,0,0,1,1,0,0,0,0,0,0,1,1,0
4K5iawxLnMnhN5BzpG,1,2,1,0,0,1,1,1,1,1,1,1,1,1,0,1,1,4,4,4,3,3,4,1,4,5,3,1,1,1,2,1,1,1,1,1,1,1,1,0,0,1,1,0,1,1,1,1
4k5oh3EGnMnkeFazWp,2,0,0,0,0,0,1,1,1,1,1,1,1,1,1,1,1,4,4,4,4,4,4,4,3,4,3,3,3,3,3,3,3,1,1,1,1,1,1,1,1,1,1,1,0,1,1,1
4Y5uPxVYnMnATu7zX3,1,2,2,1,1,0,1,1,1,1,1,1,1,0,0,1,1,3,3,4,3,3,3,2,4,3,5,2,2,2,2,2,2,1,1,1,1,1,1,1,0,1,1,1,1,1,1,0
515gRhX8nMndQLRzP8,5,5,5,5,5,5,0,0,0,0,0,0,0,0,0,0,0,5,5,5,5,5,5,5,5,5,4,5,5,5,5,5,5,0,1,1,1,1,1,1,1,1,1,0,0,0,1,0
535xotLInMnp414zOB,5,5,3,2,4,5,0,0,0,0,0,1,0,1,0,0,0,2,5,5,4,2,2,5,4,2,5,5,5,2,3,3,4,0,0,1,1,1,0,1,0,1,1,1,1,1,1,0
545DOgm0nMnFgmuzU1,3,1,5,2,1,0,0,0,0,1,0,1,0,1,0,0,1,3,2,1,5,2,1,3,0,0,4,1,2,3,4,5,0,1,0,1,0,1,1,0,1,1,0,1,1,0,1,0
5G5JPfGVnMnudGdzY8,2,3,2,3,2,2,1,1,1,0,1,1,1,1,1,1,1,3,3,3,3,2,2,2,2,2,3,2,2,2,2,2,3,1,0,0,0,0,1,0,0,0,0,0,0,0,1,0
5l5t3mUjnMn6H6nz8s,1,2,2,2,1,2,0,0,1,0,0,0,0,0,0,1,1,3,3,3,4,1,2,1,2,3,1,0,1,1,0,1,2,1,1,1,1,0,1,1,0,0,1,0,0,0,1,0
5S5hVGqSnMnMJjezOW,2,2,2,2,2,2,0,1,0,1,0,0,1,1,0,0,0,3,3,3,3,3,3,2,3,3,3,5,3,3,3,3,3,1,1,0,0,1,1,0,1,0,0,1,0,1,1,1
5v5oaB3hnMnwFqizWH,3,3,3,3,2,3,0,0,0,0,1,0,1,0,0,0,0,2,3,3,3,3,3,2,3,2,3,2,3,3,3,3,2,0,0,0,0,0,0,0,0,0,0,0,0,0,0,0
5W540NEWnMnqSplzRB,2,2,2,2,2,2,1,1,1,0,1,1,1,1,1,1,1,3,3,3,3,3,3,3,3,3,3,2,3,3,3,3,3,1,1,1,0,0,1,1,0,1,1,1,1,1,1,0
5Y5ndXf7nMnpN02zrP,5,2,4,3,4,2,0,0,0,0,1,1,1,0,0,1,0,4,3,2,4,3,2,5,4,2,4,4,1,4,2,4,2,1,1,1,1,0,1,1,1,0,0,0,1,0,0,0
6659Csv4nMnyqNKztM,1,1,1,0,0,1,0,1,1,0,0,0,1,0,0,0,1,4,5,4,4,4,5,4,4,5,4,3,3,3,3,3,3,1,0,1,0,0,1,1,1,0,0,1,0,1,1,1
6h5kn3b6nMniS5rzwH,3,4,3,3,1,2,1,1,1,1,1,1,1,1,0,1,1,5,5,5,5,4,2,2,5,4,5,3,1,3,3,3,3,1,1,1,1,0,1,1,1,1,1,1,0,1,1,1
6k5Jcp2WnMnreAYzDq,1,3,2,1,0,2,0,0,0,1,0,1,1,0,0,1,1,3,3,2,3,1,4,2,2,3,1,0,3,3,1,1,4,1,1,1,1,1,1,1,1,1,0,0,1,1,0,0
6U5lmEI2nMnwjONzxG,2,3,2,2,2,2,0,0,1,1,1,1,1,1,1,1,1,3,3,3,3,2,3,2,3,3,4,5,4,5,5,5,5,1,1,1,0,0,1,0,0,1,1,1,0,1,1,1
6v5haXQfnMn7tJazbn,1,0,2,0,0,0,1,1,1,1,1,1,1,1,0,1,1,4,5,4,4,4,3,3,3,5,4,0,0,2,1,2,2,1,1,1,1,1,1,1,0,1,1,0,1,1,1,0
6W5brUEknMnwuMmzkF,1,2,1,1,1,1,1,1,1,1,1,1,1,1,1,1,1,3,3,3,3,3,3,3,3,3,3,2,2,2,2,2,2,1,1,1,1,1,1,1,1,1,1,1,1,1,1,1
6Y5NKpGOnMnJ64lzaO,0,0,0,0,0,1,0,0,1,0,0,1,1,0,0,0,0,5,5,5,5,5,3,3,3,4,3,3,3,3,3,3,3,1,1,0,1,1,1,1,0,1,1,1,0,1,1,1
7455YEM6nMnpG3Nzuf,0,1,1,0,0,0,1,1,1,1,1,1,1,1,1,1,1,4,5,5,4,4,2,2,4,2,5,2,0,1,1,0,0,1,1,1,1,1,1,1,1,1,1,1,1,1,1,0
7e5JVa6KnMnHjwVzud,2,2,4,3,3,2,0,1,1,0,0,1,0,1,0,1,0,4,4,4,2,3,3,3,4,3,3,3,4,4,3,2,3,1,1,1,1,0,1,1,1,0,1,1,1,0,0,0
7O5TJMERnMnwdURzgi,1,2,2,1,1,1,1,1,1,1,1,1,1,1,1,1,1,4,4,4,4,3,3,2,4,4,4,4,3,4,4,3,3,1,1,0,1,1,1,1,0,0,1,1,1,1,1,1
7V5HrF2vnMnnECSzFd,4,2,2,2,2,1,0,0,0,1,0,0,0,0,0,1,0,4,4,3,4,3,2,2,3,3,3,5,4,4,5,5,4,1,1,1,1,1,1,1,1,1,1,1,1,1,1,0
8d5KJiY4nMn4CI3zon,4,4,3,4,3,4,0,0,0,1,0,1,1,1,0,0,1,4,4,4,4,4,4,4,4,4,5,1,1,3,1,1,1,1,1,0,1,0,0,1,0,1,0,1,1,1,1,0
8F5qKuGvnMnsF6wzHc,2,2,2,2,2,2,1,1,0,1,1,1,1,1,1,1,0,3,3,3,3,2,3,2,2,3,3,3,3,3,3,3,3,1,1,1,1,1,1,1,1,1,1,1,1,1,1,0
8p538DrpnMnjpNUzwH,2,2,2,2,2,2,0,1,0,1,0,1,1,1,0,0,1,4,4,4,3,4,4,3,3,4,3,3,3,3,3,3,3,1,1,1,1,1,1,0,0,1,0,1,1,1,1,0
8P5dW2pBnMnk0SCzND,0,0,0,0,0,0,1,1,1,0,1,1,1,1,0,1,1,4,3,5,4,4,2,2,4,5,5,0,3,5,5,5,5,1,1,1,0,1,1,1,1,1,0,1,0,1,1,1
8S56PR3knMnqJ6UzGn,3,1,1,2,2,2,0,1,1,0,0,0,1,1,0,1,0,3,4,3,4,3,3,3,4,4,5,5,3,4,0,5,2,1,1,0,0,0,1,1,1,0,0,0,0,0,0,0
8u5x9W1gnMn9qGvzmX,5,5,5,5,5,5,0,0,0,1,1,0,1,1,0,0,0,3,3,3,3,3,2,2,2,3,3,5,5,5,5,5,5,1,1,1,1,0,1,0,0,1,1,0,0,0,1,1
8x5a8RNOnMn1KWDzIS,1,2,2,1,1,2,1,1,1,1,1,1,1,1,1,1,0,3,3,3,3,2,2,1,3,3,3,1,2,2,3,2,3,1,1,1,1,0,1,1,1,0,0,1,1,1,1,0
9f5Yc7asnMnUaN6zgr,1,1,1,1,1,1,0,0,1,0,1,1,1,1,1,0,0,4,5,5,4,3,3,0,4,4,3,4,3,4,4,4,4,1,0,1,0,1,1,1,1,1,0,0,0,1,1,1
9O5YbY7enMnb9yPzlJ,5,5,3,5,2,5,1,1,1,1,1,0,1,1,0,1,1,3,3,3,4,5,1,3,4,3,4,3,1,3,3,2,3,1,1,1,0,0,1,0,1,0,1,1,0,1,1,0
9Q5sMWvxnMnHEG0zoO,1,2,3,0,0,0,1,1,1,1,1,1,1,1,1,1,1,5,4,5,4,4,4,5,5,4,4,0,0,0,0,0,0,1,1,1,1,0,1,1,1,1,1,1,0,1,1,1
A05Ak5c2nMnR7Bvzfx,0,0,0,0,0,0,1,1,1,1,1,1,1,1,1,1,1,5,5,5,5,5,3,4,5,5,4,5,5,5,5,5,5,1,1,1,1,1,1,1,1,0,0,1,1,1,1,0
a354FiKInMnUIHWzc8,4,4,3,5,1,2,0,1,1,1,1,1,1,1,0,0,0,2,4,3,4,4,3,5,5,4,1,3,4,2,4,2,1,1,1,0,0,1,0,1,0,0,1,1,1,0,0,1
A55SBlHbnMnFtlUzhl,2,3,3,2,2,2,0,1,0,0,0,0,0,0,0,0,0,4,4,4,4,1,3,2,3,3,2,5,5,5,5,5,5,1,1,0,0,0,1,0,1,0,1,1,1,1,1,0
a75x2JCCnMnKf1IzXq,2,2,2,2,2,2,0,1,1,1,0,1,0,1,0,1,1,2,3,3,3,3,3,3,3,3,3,5,4,5,4,5,3,1,1,1,0,1,1,1,1,0,0,0,1,1,1,0
ab5IkQj3nMnCUJnzQB,0,3,2,0,0,0,1,1,1,1,1,1,1,1,0,1,1,4,4,4,4,4,2,3,3,4,4,0,0,0,1,1,1,1,1,1,1,1,1,1,1,1,1,1,1,1,1,1
ab5jQGGynMnoYMEz8N,2,2,2,2,1,2,0,1,1,1,1,1,1,1,0,1,1,4,5,5,4,3,2,2,3,3,4,1,2,3,2,3,3,1,1,1,1,1,1,1,1,1,1,1,1,1,1,0
ad5orQqdnMnCrp0zGY,2,2,2,2,2,3,0,1,1,1,0,1,0,1,1,1,1,3,3,3,3,3,3,3,3,3,3,5,4,0,0,3,4,0,1,0,1,0,1,0,0,0,0,0,0,0,1,1
aF5OuoNJnMnxRY3zPc,0,0,0,0,0,5,1,1,1,1,1,1,1,1,1,1,1,5,5,5,5,5,4,4,4,5,5,0,0,0,0,0,0,1,1,1,1,1,1,1,1,1,1,1,1,1,1,1
AH52wTlYnMnp8mhzPO,3,2,3,3,3,3,1,1,0,1,0,0,1,1,1,0,1,3,4,3,3,3,3,3,3,4,3,5,5,5,5,5,5,1,1,1,0,0,1,1,1,1,1,1,1,1,1,1
AJ5Hq4xnnMn4in7ziI,2,2,2,1,0,1,1,1,1,1,1,1,1,1,0,1,1,4,4,4,3,4,2,1,2,3,2,2,2,2,2,2,2,1,1,1,1,1,1,1,1,1,1,1,1,1,1,1
aJ5uOtF2nMnFiGDzgk,3,2,3,3,1,1,0,0,1,0,0,0,0,0,0,1,0,1,2,1,1,0,1,0,1,2,0,2,1,2,3,1,1,1,0,0,0,0,1,0,1,1,0,0,1,1,0,0
AL5TnENdnMnR2gKz98,1,0,2,1,0,2,1,1,1,0,1,1,1,1,1,1,0,5,5,5,4,5,4,4,5,4,3,3,3,4,4,5,3,1,1,1,1,1,1,1,1,0,1,1,1,1,1,1
aM5c3elvnMnfxkCzCo,1,2,0,1,0,0,1,1,0,1,1,1,1,1,0,1,0,3,3,3,4,3,4,3,3,3,2,1,1,2,1,1,1,1,1,1,1,1,1,0,0,1,0,1,1,1,0,1
an5ctWocnMnUbNnzQn,5,4,5,5,5,5,0,1,1,0,1,1,1,1,1,1,0,2,3,2,2,0,0,3,3,0,3,5,5,5,5,5,5,1,0,1,0,0,1,0,1,0,1,1,0,0,1,0
aO5VXWVunMnn2eqzRT,0,0,1,0,0,0,1,1,1,1,1,1,1,1,1,1,0,5,4,4,4,5,4,4,5,5,4,0,0,0,0,0,0,1,1,1,1,1,1,1,1,1,1,1,1,1,1,1
Ar5IBJNknMn4P9JzOX,1,2,2,0,0,1,0,0,1,0,0,0,1,0,0,1,0,4,4,5,3,3,4,2,3,3,2,1,1,2,2,2,0,1,1,1,1,1,1,1,0,1,0,0,1,1,1,0
aS5m08TvnMneOR7zvn,3,2,2,2,1,2,1,1,1,0,1,1,1,0,0,1,0,3,3,2,3,2,3,3,3,3,3,3,2,1,3,2,1,0,1,0,1,0,1,0,0,1,1,0,0,1,1,1
at5Njej7nMnjgQmz6I,1,1,2,1,1,1,0,1,0,0,0,0,0,1,0,1,0,3,3,3,3,3,3,3,3,3,3,0,0,0,0,0,0,1,1,1,1,0,1,1,1,1,1,1,1,1,1,1
Au5Lyl9onMnSMnVzDT,0,0,0,0,0,0,0,0,0,0,0,0,1,0,0,0,0,3,4,4,3,3,3,3,3,4,4,0,0,0,0,0,3,1,1,0,1,1,1,1,0,0,1,0,0,1,1,0
AW5cNG2BnMnVlQMzHS,4,4,5,3,4,3,0,0,0,0,0,1,0,0,0,0,0,3,5,3,4,4,5,3,4,4,4,4,5,5,4,3,4,1,0,0,1,1,0,1,1,0,0,0,1,1,1,0
B0555pkunMn0EkxzTd,1,2,2,1,1,2,0,0,1,0,0,0,1,1,0,0,0,3,3,3,3,3,2,2,3,3,3,3,4,4,4,5,4,1,1,0,1,0,1,1,0,0,1,0,0,1,1,0
b55cumnqnMnCEf1zXL,2,2,2,2,1,1,0,0,1,1,0,0,1,0,0,0,1,4,5,5,4,4,2,3,4,3,4,1,2,4,3,3,3,1,1,1,1,0,1,1,1,1,1,1,1,1,1,1
B95MPJpQnMnl2TizjE,1,2,0,2,1,0,0,0,1,1,1,1,1,1,1,1,1,3,3,3,4,3,4,2,3,4,2,5,2,5,5,5,4,1,0,0,1,0,1,0,1,0,0,0,0,1,1,0
BF5dssQxnMnpKk9zyx,1,4,2,3,0,0,1,1,0,0,0,1,0,0,0,1,1,3,3,3,3,3,3,1,4,3,5,3,2,3,3,3,2,1,1,1,1,1,1,1,1,1,1,1,1,1,1,0
bg5OBv4YnMnq01lz02,3,3,3,3,3,0,1,1,1,1,1,1,1,1,1,0,1,2,3,2,3,2,1,1,3,1,3,5,1,1,3,2,2,1,0,0,1,0,1,0,1,0,1,1,0,1,1,0
Bg5QXlfNnMn8hrMzAa,2,2,2,1,1,1,0,1,1,1,1,1,1,1,0,0,1,5,5,5,5,5,5,4,5,5,5,5,5,5,5,5,5,1,1,1,1,1,1,0,1,1,0,1,0,1,1,1
Bg5v4jIinMneahlz9X,1,2,2,1,1,1,1,1,1,1,1,1,1,1,1,1,1,4,4,4,4,4,3,3,3,4,3,2,2,3,3,3,2,1,1,1,1,1,1,1,1,1,1,0,1,1,1,1
Bj5ObjHQnMnUkJtz8W,4,4,3,5,3,4,0,0,0,0,0,0,0,1,0,0,0,5,5,5,3,4,4,4,3,4,4,3,4,4,5,4,4,1,1,0,1,0,0,1,0,0,0,0,1,1,1,1
BK5kDUC4nMnoIHszIT,0,5,1,0,0,0,1,1,1,1,1,1,1,0,0,1,1,4,5,4,4,4,3,5,5,4,3,2,0,2,3,2,0,1,1,1,1,1,1,1,1,1,1,0,0,1,1,1
bl5n4LOinMnNyilzk1,3,3,2,3,2,3,1,1,1,1,0,1,1,1,0,1,1,3,3,3,3,3,2,3,4,3,4,5,5,5,5,5,5,1,1,0,0,1,1,0,1,0,1,1,0,0,1,1
bm5mk4KvnMnuy0xzUR,3,3,3,3,3,3,1,1,1,1,1,1,1,1,1,1,1,4,4,4,4,3,3,2,3,3,4,5,3,5,5,3,3,0,1,1,0,0,0,0,1,1,1,1,0,0,1,0
BO59mSOSnMnDnY1zlo,1,1,1,1,1,1,0,0,1,0,0,0,1,1,0,1,1,3,3,3,3,3,3,3,3,3,3,3,3,3,3,3,3,1,1,1,1,0,1,1,1,0,1,1,0,1,0,0
Bo5qmen8nMnBOWqzJE,4,4,2,5,4,5,0,1,0,1,1,0,1,1,0,1,0,4,5,4,4,4,5,5,4,4,4,1,3,2,5,4,3,1,1,0,1,0,1,1,1,1,1,0,0,0,0,1
Bo5TlbFtnMngDulzQ7,4,4,1,4,4,4,1,1,1,1,1,1,0,1,0,1,1,5,5,5,5,5,5,5,5,5,5,5,5,5,5,5,5,0,1,0,0,1,0,0,0,1,0,1,0,0,1,0
Bp5yvHLDnMnXiCXzl0,2,4,2,3,3,3,0,1,1,0,1,1,1,0,0,1,1,4,4,4,4,4,4,4,3,4,4,5,5,5,5,5,5,1,1,1,0,0,1,0,1,1,1,1,1,1,1,1
bq5uJXIdnMn3fWBz2o,1,3,1,0,0,0,1,1,1,1,1,1,1,0,0,1,1,5,5,5,4,5,2,4,4,4,4,0,0,1,1,1,0,1,1,1,1,1,1,1,1,0,1,1,1,1,1,1
Br5FNCfpnMnbulAzVi,1,1,2,1,1,1,0,1,1,1,1,0,1,1,1,1,1,4,4,4,4,2,3,3,5,4,5,4,1,1,4,2,1,1,0,0,1,1,1,0,1,0,0,1,1,1,1,0
Bs5iytxknMnwqgCzpH,4,3,3,3,3,3,0,1,1,1,1,1,1,1,0,1,1,4,5,4,3,3,3,1,3,3,2,5,5,5,5,5,5,1,1,0,0,0,0,0,0,1,0,1,0,0,1,0
BT52tvRKnMn1Yb3zPo,0,0,0,0,0,0,0,1,1,0,1,1,1,1,1,1,1,5,4,5,5,4,5,4,5,4,5,1,0,0,0,0,0,1,1,1,1,1,1,1,0,1,1,1,1,1,1,1
BY5JE2eXnMnFwcIzuT,0,0,1,0,0,0,1,1,1,1,1,1,1,1,0,1,1,3,4,4,3,3,3,2,3,4,3,3,2,3,3,3,3,1,1,0,1,0,1,1,0,0,0,1,1,1,1,0
c35DBSRAnMnijfXzPJ,0,0,0,0,0,0,0,0,0,0,1,0,1,1,0,0,0,3,4,5,4,3,4,3,4,4,5,3,3,3,3,3,3,1,1,0,1,1,1,1,1,1,0,0,1,1,1,0
C85t7UASnMnlFGPzgr,1,1,1,0,1,0,0,1,1,1,1,1,1,1,0,1,0,4,4,3,5,4,2,3,2,4,2,0,0,0,0,0,2,1,1,1,1,0,1,1,0,1,1,1,1,1,1,1
C95rbvLNnMnn35dzfk,0,0,0,0,1,1,0,0,1,1,1,1,1,1,1,0,1,5,4,5,4,5,3,4,4,5,4,1,1,3,2,1,1,1,1,1,1,0,1,1,1,0,0,1,1,1,1,1
cA5CeSWvnMnBIt6zx9,0,3,3,0,0,0,1,1,1,0,1,1,1,1,1,1,1,5,5,5,5,5,3,3,5,5,3,0,0,0,0,0,0,1,1,1,1,0,1,1,0,1,1,1,1,1,1,1
Ca5SYTd8nMnaJ1tzAN,4,4,0,5,1,1,0,0,0,0,1,0,0,0,0,0,1,4,0,4,4,0,0,0,2,4,0,1,3,1,5,0,5,1,1,0,0,1,0,0,1,1,0,1,0,0,0,0
CF5J6QafnMnT01gzGg,2,2,2,2,2,2,0,1,0,0,1,1,1,1,0,0,0,3,3,3,3,3,2,2,2,3,2,3,3,3,3,3,3,1,0,0,1,0,1,0,0,1,1,0,1,1,1,1
cf5NXw6rnMnYg7nzS2,4,3,2,2,2,3,1,1,0,1,1,1,1,1,0,1,1,4,4,4,4,4,3,4,4,4,4,4,2,3,3,2,3,0,1,1,0,0,0,0,1,1,1,0,0,1,1,1
Co5P3Y6knMnHw2dzle,1,1,1,0,0,0,1,1,1,1,1,1,1,1,1,1,1,4,5,4,5,3,4,2,4,5,4,0,0,3,0,0,1,1,1,1,0,1,1,1,0,1,1,1,1,1,1,1
cO5qasxYnMnLUx2zKH,1,0,1,1,1,1,1,1,1,1,1,1,1,1,1,1,0,3,5,4,4,4,5,4,3,4,4,0,0,0,0,0,0,1,1,0,1,0,1,1,0,0,0,0,1,1,1,1
Cq5bWTHHnMnvT7PzC0,0,1,1,0,0,1,1,1,1,1,1,1,1,1,1,0,1,5,5,5,5,5,5,4,5,5,5,5,2,5,5,5,2,1,1,1,1,0,1,0,1,1,1,1,1,1,1,0
cr5I6OdvnMn1kHnzhp,0,1,2,0,0,0,1,1,1,1,1,1,1,1,1,1,1,4,5,3,4,1,4,1,3,4,2,0,0,0,0,0,0,1,1,1,0,1,1,1,1,0,1,1,1,1,1,1
cV53ihmynMnLPeFzfS,2,3,2,3,3,2,1,1,1,1,1,1,1,1,1,1,1,2,2,2,2,1,1,1,2,1,2,5,5,5,5,5,5,1,1,1,0,0,1,0,1,1,1,1,0,1,1,1
cV5hXFjQnMnxD0rzWy,2,2,2,2,2,2,0,0,0,1,0,1,1,1,0,0,1,3,4,3,3,3,3,2,3,4,3,0,3,3,3,3,2,1,1,1,0,0,0,1,0,1,1,1,1,1,1,1
Cw5epF8dnMnEMUszdY,0,0,0,0,0,0,1,1,1,1,1,1,1,1,1,1,1,4,4,5,4,3,4,3,4,4,4,0,0,0,2,0,0,1,1,1,1,0,1,1,0,1,1,1,1,1,1,0
CX5QdbhNnMnKJgLz17,3,3,3,3,3,3,1,1,1,1,1,1,1,1,1,1,1,3,3,3,3,4,2,3,3,3,3,5,5,5,5,5,5,1,1,0,0,0,1,0,1,1,1,1,0,1,1,1
CX5Yhb9wnMn1htczC3,4,3,3,4,3,3,0,0,0,0,0,0,0,0,0,1,1,3,5,3,4,4,4,3,3,4,3,4,4,3,3,3,4,1,0,0,1,1,1,1,1,0,0,0,1,0,1,0
d45iiDalnMnicsEzWI,4,3,3,4,1,2,0,0,0,0,0,0,1,0,0,1,0,4,4,4,5,4,3,3,5,4,4,4,5,5,4,4,4,1,1,0,0,1,1,0,1,1,1,1,0,1,1,0
D55eVcT7nMnGC1SzQN,0,0,1,0,0,0,1,1,1,1,1,1,1,1,0,1,1,4,4,4,4,5,4,3,3,5,3,2,2,4,3,4,3,1,1,1,1,0,1,1,1,1,1,1,1,1,1,1
dB5321mbnMnCnG4zjN,2,3,3,2,2,1,1,1,1,1,1,1,0,1,1,1,1,4,3,4,3,4,3,3,3,4,3,1,1,3,3,3,2,1,1,0,1,0,1,1,0,1,1,1,1,1,1,0
Dc5NdjR5nMnA1c3z1J,2,2,3,2,2,2,1,0,0,1,1,1,1,1,0,1,0,4,4,4,4,4,4,3,4,4,4,4,3,3,4,4,4,1,1,1,1,1,1,0,1,1,1,1,1,1,1,0
di5sY7aKnMnroi4zrp,1,1,1,1,1,1,0,0,0,1,0,1,1,1,0,0,1,4,4,4,4,5,4,1,4,4,4,4,3,3,3,3,3,1,0,0,1,0,1,1,0,1,0,0,1,0,1,0
dJ5oCycBnMnsvimzQQ,3,3,3,2,2,2,1,1,1,0,1,1,1,1,1,1,0,3,3,3,3,3,3,3,3,3,3,1,0,1,2,0,1,1,1,0,1,1,1,1,0,1,0,1,1,1,1,0
dl5pq0U3nMnoobYzTF,2,3,2,3,2,3,0,0,0,0,0,1,1,1,1,0,1,3,1,3,3,1,1,0,1,2,2,5,4,5,4,4,5,1,1,0,1,1,1,1,1,0,0,1,0,0,1,0
dm52nlTqnMnYAv5zq7,2,2,2,2,2,2,0,0,0,0,0,1,1,1,0,0,0,3,3,3,3,2,2,2,2,3,1,4,3,3,5,3,2,0,1,0,0,0,1,0,1,0,0,1,0,0,0,0
dN5HE4ITnMnemi7zr1,2,2,3,2,2,2,0,1,1,0,1,0,0,0,0,1,1,3,3,3,3,3,3,3,2,3,3,5,5,5,5,5,5,1,1,1,0,0,1,0,0,1,0,0,0,1,1,0
dP54U1bnnMnxq5YzWy,3,5,5,3,4,1,1,1,1,1,1,1,1,1,1,1,1,5,5,5,5,5,3,2,2,5,2,5,5,5,5,5,5,0,1,0,1,0,0,0,0,0,1,1,1,1,1,0
DS5PMFmLnMnsoNtzVR,1,3,4,0,1,0,1,1,0,1,1,1,1,1,1,1,1,2,2,2,3,1,2,0,2,2,1,5,3,4,3,3,3,1,0,1,1,0,1,1,1,0,1,1,1,1,1,0
Du5bT7BvnMnyStezvn,2,4,3,1,1,2,1,1,1,1,1,1,1,1,0,1,1,5,5,4,4,3,5,2,3,5,2,0,0,0,0,0,0,1,1,1,0,1,1,1,0,1,1,1,1,1,1,1
Dv5oj72wnMnlwsSzRU,0,0,0,0,0,0,1,1,0,1,1,1,1,1,0,1,1,4,5,5,5,5,4,3,4,5,5,0,0,0,0,0,0,0,1,1,1,1,1,1,1,1,1,1,1,1,1,1
dx5AcuGTnMnXql2zIh,2,2,2,2,2,2,1,0,0,1,1,0,1,0,0,0,0,3,3,3,3,2,3,2,3,3,3,2,2,3,2,3,3,0,1,1,1,0,1,1,1,1,0,1,0,1,1,0
DX5kLnY7nMn9lALzIg,4,3,0,3,3,3,0,0,0,0,0,1,0,0,0,1,0,2,4,4,3,2,3,2,1,5,3,3,3,3,4,2,3,1,0,0,1,1,1,1,1,0,1,0,1,1,1,0
DX5lwRjHnMn7xjEzts,3,4,4,3,4,5,0,0,0,0,0,0,0,0,0,0,0,4,4,3,4,3,4,4,4,3,3,4,3,3,4,3,4,1,0,0,1,1,0,0,0,0,1,0,0,0,1,0
DY5IIg2gnMnjeDvzLu,4,4,5,3,3,3,1,1,1,0,0,1,1,0,0,1,0,5,3,4,3,5,4,5,4,4,3,4,3,2,3,4,5,0,1,0,1,1,1,1,0,0,1,1,0,1,1,0
e45Y7q0xnMnDLwyziS,2,2,3,3,0,2,1,1,1,1,1,0,1,1,1,1,1,4,4,4,5,4,4,5,4,5,4,3,2,3,3,3,3,1,1,1,0,1,1,1,1,1,1,1,0,1,1,1
E7595LienMnnPFNzuI,4,3,4,4,2,2,1,1,1,0,1,0,1,0,0,1,0,3,4,3,5,3,5,2,0,0,5,4,1,3,1,3,4,1,1,1,0,1,0,0,0,1,1,0,0,0,1,0
E75IoirinMnLhckz13,2,1,1,1,1,2,0,1,0,1,1,1,1,1,1,0,1,4,3,3,4,3,2,3,3,3,4,4,3,3,3,3,3,1,1,0,1,1,1,0,0,1,0,0,1,1,1,0
E95FaDGanMnP2CpzpB,0,0,0,0,0,0,0,0,0,0,0,1,1,1,0,1,0,4,4,4,4,3,3,2,4,4,5,0,0,0,0,0,0,1,1,1,1,1,1,1,1,0,1,1,1,1,1,0
EA5KOJhGnMn5mBizh8,1,3,2,1,1,1,0,1,0,0,1,1,1,1,0,0,1,4,4,5,4,3,3,3,3,4,3,0,0,0,0,0,0,1,0,0,1,0,0,1,0,0,1,0,1,1,1,0
eC5AYSEknMnoQKXzys,0,0,0,0,0,0,0,0,0,0,0,0,0,0,0,0,0,3,3,4,4,0,2,0,3,3,5,0,0,0,0,0,2,0,0,0,0,0,1,1,1,0,0,1,1,0,1,0
ED5u91GOnMnI8XdzaV,1,2,2,1,1,1,1,1,1,1,1,1,1,1,1,1,1,4,3,3,4,4,2,2,4,4,5,2,2,2,2,2,2,1,1,1,1,1,1,1,1,1,1,1,1,1,1,1
eE5NF4tYnMnL4c2zI4,5,5,5,5,5,5,1,1,1,1,1,0,1,1,0,1,1,5,5,5,5,5,5,5,5,5,5,0,0,0,0,0,0,1,1,1,1,1,1,1,1,0,1,0,1,1,1,1
Ef5TdeeGnMnA2ePzSD,1,3,3,0,0,0,0,1,1,1,1,1,1,1,0,0,1,5,5,5,5,5,5,1,4,5,4,3,3,5,4,4,3,1,1,1,0,1,1,1,1,0,0,1,1,1,1,0
Eg5EyjCMnMnfbSXzTw,2,2,2,2,2,1,0,0,1,1,0,1,1,0,0,0,0,3,3,3,3,3,2,2,3,3,2,1,2,2,2,2,2,1,0,0,1,0,1,1,1,0,0,0,0,1,1,0
eg5pko7inMnIuDfzYe,1,1,3,0,0,0,0,1,1,1,1,1,1,1,1,1,1,5,5,5,5,5,3,3,3,5,4,3,5,4,5,5,5,1,1,0,1,1,1,0,1,0,1,1,0,1,1,0
ei5t4W2tnMnF9LXzPQ,2,3,2,2,2,2,1,1,1,1,1,1,1,1,0,0,1,3,3,3,3,3,2,2,3,3,3,2,2,3,2,3,3,1,1,1,1,0,1,0,0,0,1,0,0,1,1,0
ej5DrTD4nMnf02xzQH,0,0,0,0,0,0,1,1,1,1,1,1,1,1,1,1,1,4,4,4,4,4,1,1,1,3,2,0,0,0,0,0,0,1,1,1,1,1,1,1,1,1,1,1,1,1,1,1
ek5EV9l8nMnTg1IzNo,2,3,3,2,2,2,0,0,0,1,0,1,1,0,0,0,1,4,5,4,4,4,3,3,4,4,3,4,4,5,4,4,2,1,0,0,1,0,1,0,1,1,0,1,0,0,1,0
El5lnDmJnMn0h1EzNB,2,2,2,2,2,2,0,1,0,1,1,1,1,1,0,1,1,3,3,3,3,3,3,3,3,3,3,3,3,3,3,3,3,1,1,1,0,1,1,0,0,1,0,1,0,1,1,1
Ep5YCOFvnMnlmHtzS1,2,2,1,1,1,2,1,0,1,1,1,0,1,1,0,1,0,4,4,3,3,2,3,2,2,2,2,2,2,2,2,2,2,1,0,0,1,0,1,1,0,0,0,1,1,0,1,0
eS51tnpfnMn6bO9zO7,2,2,2,2,2,2,0,1,1,1,1,1,1,0,0,0,0,3,4,3,3,2,3,2,3,3,3,3,3,3,3,3,3,1,1,1,1,0,1,0,1,1,1,1,1,1,1,1
eW5opEjpnMn8c7Bz7E,3,3,3,2,2,2,0,1,1,0,1,1,1,1,1,0,1,5,5,4,5,3,4,2,3,5,4,3,3,5,5,3,3,0,1,1,0,0,0,0,0,1,1,1,0,1,0,0
EY5qKwfanMnv4oIz2L,2,4,1,3,2,1,1,0,0,0,0,0,1,0,0,1,0,3,4,4,4,4,4,4,4,4,4,2,0,1,3,2,1,1,1,1,1,1,1,1,1,1,1,1,1,1,1,1
f05ovfhunMn0OFgzXK,5,5,5,5,5,5,0,0,0,0,0,0,0,0,0,0,1,4,4,4,4,2,4,3,4,4,4,2,2,2,2,2,5,0,1,0,0,0,0,1,1,0,0,1,0,1,0,0
F25IWg6jnMnCowtzff,2,2,2,2,2,2,0,0,1,0,1,1,1,1,0,1,1,4,5,5,4,4,4,4,4,4,4,5,4,4,4,5,5,1,1,1,1,0,1,0,1,0,1,0,0,1,1,1
f35hgOLjnMnCgm5zGK,0,0,0,0,0,0,1,1,1,1,1,1,1,1,1,1,1,1,2,1,2,3,1,0,1,2,0,0,0,0,1,1,0,1,1,1,1,1,1,1,1,1,1,1,1,1,1,1
f45T4jn3nMnPC30zwd,0,2,0,0,0,0,1,1,1,1,1,1,1,1,0,1,1,5,5,4,3,4,3,3,4,4,4,5,4,5,5,4,5,1,0,0,1,1,1,1,0,0,1,0,1,1,1,1
f55IBqbSnMnjYQTzr0,0,0,0,0,0,0,1,1,1,1,1,1,1,1,0,1,0,4,4,4,4,4,4,4,4,4,3,2,2,2,2,2,2,1,1,1,1,1,1,1,1,0,1,1,1,1,1,1
F85EU3ronMnttJFzLr,3,5,4,4,3,3,0,1,1,0,0,0,0,1,0,0,0,5,3,3,3,4,4,3,3,4,4,3,3,5,4,2,4,1,1,0,0,0,0,1,1,1,0,0,0,0,1,0
fC5HwWlJnMnpGj0z07,1,4,3,3,5,4,0,0,0,0,0,0,1,0,1,0,0,1,1,4,5,4,3,2,5,5,5,4,4,5,4,5,3,1,0,0,0,1,1,1,0,1,1,1,0,1,1,1
Fd57mtfVnMnBihVzFU,3,5,2,3,4,2,1,0,1,0,0,1,1,1,0,1,1,5,4,4,4,3,2,3,4,4,3,3,4,5,3,5,3,0,1,1,1,0,0,1,0,0,1,1,0,1,1,0
Fe53RL8QnMnjLIWz4g,3,4,3,3,4,2,0,0,0,0,0,0,0,0,0,0,0,3,4,3,3,3,3,3,3,3,3,4,3,3,4,5,3,0,1,0,0,1,1,1,1,0,0,0,1,1,1,1
Fe5jckVfnMnKC31zNu,1,5,4,4,4,4,0,0,1,0,0,0,1,0,0,0,1,4,5,4,4,2,4,2,4,5,4,5,5,5,5,5,5,1,1,1,0,0,0,0,0,1,1,0,0,1,1,1
FG57epjbnMncmADz1X,4,4,4,5,5,5,0,0,0,1,0,1,0,0,0,0,0,4,5,5,5,4,4,5,5,5,4,4,5,5,4,4,4,1,1,0,0,1,1,1,1,0,0,0,1,1,1,0
fg5J8uvLnMnd5kszND,5,4,4,4,5,3,0,0,0,0,0,1,0,0,0,0,1,4,5,4,5,1,4,4,5,5,4,4,4,3,1,3,4,1,0,0,0,1,0,1,1,0,1,0,1,0,1,0
fL55LFXynMnduQTzaW,3,4,4,2,4,4,0,1,1,0,1,0,1,1,0,1,0,4,3,4,5,5,4,5,4,3,3,4,3,2,4,1,4,1,0,0,1,0,0,1,1,0,0,0,1,1,0,1
FM5vWTi5nMnaPOLzbw,2,3,4,2,1,1,1,1,1,1,1,1,1,1,1,1,1,2,2,1,1,0,0,0,2,1,1,0,0,1,1,1,0,1,1,1,1,0,1,1,0,1,1,1,0,1,1,0
FP5o34iAnMnLiDPzBM,3,4,4,3,3,1,0,1,0,0,0,0,1,1,0,1,1,4,5,4,4,4,4,4,5,4,5,5,5,5,5,5,4,1,1,0,0,0,1,0,0,0,1,1,1,1,1,1
Fp5UA48bnMnrDBBzFM,0,3,3,1,1,1,0,1,0,1,1,1,1,1,0,1,1,3,4,3,4,1,2,1,4,3,3,0,1,1,1,1,1,1,1,1,1,0,1,1,1,1,0,1,1,1,1,1
Fp5xIVSdnMnp0rdzSQ,4,4,5,4,5,5,0,0,0,0,0,0,0,0,0,0,0,4,4,4,4,4,4,5,5,4,4,4,5,5,4,4,4,1,0,1,0,1,1,1,1,0,1,0,1,1,1,1
ft5iBP3qnMnkoHLzYm,0,0,0,0,0,0,0,0,0,0,0,0,1,1,0,0,0,5,5,5,5,4,4,1,2,5,1,0,0,0,0,0,0,1,1,0,0,1,1,1,0,1,0,1,1,1,1,0
fV5LWS2snMnh3sOzlU,0,1,2,0,0,0,1,1,1,1,1,1,1,1,0,1,1,4,5,5,5,4,3,2,3,3,5,0,0,0,0,0,0,1,0,1,1,1,1,1,1,0,0,0,0,1,1,0
fv5rvjbMnMnEq6fz4W,0,3,1,0,0,0,1,1,1,1,1,1,1,0,1,1,1,5,5,5,5,5,4,3,4,5,4,0,0,0,0,0,0,1,1,1,1,1,1,1,0,1,1,1,1,1,1,1
g35CAlfJnMnQpcszIx,2,2,2,1,1,1,0,0,1,1,0,0,0,1,0,0,0,4,4,4,3,3,3,1,3,3,3,3,4,4,4,4,4,1,0,0,0,0,1,1,1,0,0,0,1,1,1,0
GB50t6h9nMnSt3hzXJ,0,3,2,1,0,0,1,1,1,1,1,1,1,1,1,1,1,5,5,5,5,5,5,5,5,5,5,0,0,0,0,0,0,1,1,1,1,1,1,1,1,1,1,1,1,1,1,1
GD5jGmBlnMn0SnKzpu,1,1,0,0,0,5,1,1,1,1,1,1,1,0,0,1,1,4,4,5,4,3,4,4,4,5,4,0,0,1,0,0,0,1,1,1,1,1,1,1,1,1,1,0,1,1,1,1
gE5B1KO4nMn8JFKzg7,0,0,0,0,0,0,1,1,1,0,1,1,1,1,1,1,0,3,3,3,3,3,1,0,3,3,3,4,4,4,5,4,4,1,1,1,1,0,1,0,1,1,0,1,0,1,1,0
gG5trBVAnMnePKSzA8,2,3,3,4,3,4,0,1,0,0,0,1,0,0,0,0,0,3,4,3,3,5,4,4,4,4,4,5,4,3,3,3,4,1,0,1,0,0,1,0,0,0,0,1,1,1,1,1
Gg5TyEt4nMn1jCCzkV,5,4,3,5,5,5,0,1,1,0,1,1,1,1,1,1,1,2,4,1,4,0,0,4,2,1,3,5,5,5,5,5,4,1,0,1,0,0,1,0,1,0,0,0,0,1,0,0
gI5PUVaGnMnqwOVzEI,4,5,4,5,4,5,0,0,0,0,0,0,0,0,0,1,1,4,5,4,5,5,4,5,5,4,4,5,5,4,4,5,4,1,1,0,1,1,1,1,1,0,1,0,1,1,1,1
Gj5pl8oBnMnnK3sz9B,0,0,1,0,0,0,1,1,1,1,1,1,1,1,1,1,1,5,5,5,5,5,5,5,5,5,5,3,2,3,3,3,3,1,1,1,1,1,1,1,1,1,1,1,1,1,1,1
Gk5vmf8cnMnvm1GzGr,5,5,5,5,4,4,0,0,0,0,0,0,0,1,0,0,0,3,1,3,4,3,3,3,0,4,4,5,5,5,4,5,4,0,0,0,1,1,1,1,1,0,0,0,0,1,1,0
Gn572AaWnMnb8wnzeE,2,2,2,2,2,3,0,1,1,0,0,0,0,0,0,0,1,2,3,3,3,2,3,1,2,4,3,5,5,5,5,5,3,1,1,0,1,0,1,0,0,1,0,0,0,1,1,0
Go5I288unMnidhEzae,0,0,0,0,0,5,1,1,1,1,1,1,1,1,1,1,1,5,5,5,5,5,5,5,5,5,5,0,0,0,0,0,0,1,1,0,1,1,1,1,0,1,1,1,1,1,1,1
go5KoPGtnMnxKMqzlo,0,1,2,1,0,1,0,1,1,0,0,0,0,1,0,1,0,3,4,4,4,4,3,3,4,4,4,0,0,2,0,2,1,1,1,1,1,0,1,1,0,1,1,0,1,1,1,1
gP50UjvGnMnVAo4zkr,2,3,2,2,2,2,1,1,1,1,1,1,1,1,1,1,1,4,4,4,4,4,3,4,4,4,4,1,1,1,1,1,1,1,1,0,1,1,1,1,0,1,1,1,1,1,1,0
gp5gy8AMnMn9bwxzCE,0,0,1,0,0,0,0,1,1,0,1,1,1,1,1,1,0,5,5,4,5,5,5,4,5,4,4,0,0,0,0,0,0,1,1,1,1,1,1,1,0,1,1,1,1,1,1,1
GQ5YwgiSnMn3mbbz5Q,0,2,2,0,0,0,0,1,1,1,1,1,1,1,0,0,0,3,4,3,3,3,3,2,4,4,5,2,2,2,2,2,2,1,1,1,1,1,1,1,0,1,1,1,1,1,1,0
Gr5RdijOnMn4OpAzEV,1,2,3,2,1,1,0,1,1,1,1,1,1,1,1,1,0,4,5,4,5,4,5,3,4,5,5,2,3,4,5,4,3,1,1,1,1,1,1,0,0,1,1,1,1,1,1,1
GV5m0y1PnMnuym6zfE,3,2,1,2,3,2,0,1,0,0,0,0,1,1,0,0,0,4,4,1,2,1,1,4,2,2,1,0,1,1,1,2,2,1,1,1,0,1,1,1,1,0,1,0,1,1,1,0
h15nVgnCnMntB62zR8,1,2,2,2,2,1,0,0,1,0,0,0,0,0,0,1,0,3,3,0,2,0,0,1,0,0,1,0,1,0,1,0,3,1,0,0,0,0,1,1,1,0,0,0,1,1,0,0
H455xc1KnMno8qwzUD,2,2,3,3,3,3,0,0,1,0,0,1,1,1,0,0,1,4,4,4,4,4,4,4,4,4,4,4,4,5,4,4,4,1,1,0,1,1,1,0,1,1,0,0,0,0,0,0
H65wBi26nMnS7UXzsp,2,3,3,1,2,2,1,1,1,1,1,1,1,1,1,1,1,4,5,5,4,5,4,2,3,5,2,5,3,4,4,4,4,1,1,1,0,1,1,1,0,1,1,1,1,1,1,1
Ha51jao6nMnsw5sz19,3,2,2,5,3,2,0,0,1,1,0,1,1,1,0,1,0,3,3,4,4,3,2,2,4,3,3,5,2,3,4,3,4,1,0,0,0,0,1,1,1,0,0,1,0,0,0,0
hb5Oj6i1nMneARPzMv,0,2,2,0,0,0,0,1,1,1,1,1,1,1,1,1,1,5,5,5,5,5,4,3,5,4,5,3,3,3,3,5,5,1,1,1,1,0,1,0,0,0,0,0,1,1,1,1
hb5vg1G5nMnRUJTzYV,1,2,2,0,0,1,1,1,0,0,1,1,1,1,1,1,1,2,3,3,4,3,1,0,2,2,3,5,4,4,4,4,4,1,0,0,1,0,1,0,0,0,0,0,0,0,1,0
hD50tWhSnMn3dbYzDX,0,2,3,1,0,0,1,1,1,1,1,1,1,1,1,1,1,4,5,5,3,5,4,2,4,3,4,2,2,2,2,2,2,1,1,0,0,1,1,1,1,1,1,0,0,1,1,1
hF5BxNP8nMncvKOzm6,1,3,3,2,1,1,1,1,1,1,1,1,1,1,0,1,1,3,3,3,4,3,3,1,4,3,4,3,4,4,3,4,4,1,1,0,1,0,1,0,1,0,0,1,0,1,1,0
hG5HR7I8nMnKmfLzeb,3,3,3,3,3,3,0,1,0,0,0,1,1,0,0,1,1,4,4,4,4,4,0,0,0,0,2,5,4,5,3,5,5,1,1,0,1,1,1,1,0,0,0,1,0,1,1,0
hh5jy2RdnMnRwrpz8X,1,1,3,5,1,3,1,0,0,0,1,1,1,1,0,0,1,1,4,1,1,3,1,1,4,1,5,3,1,1,4,4,3,1,0,1,1,1,0,0,0,1,0,0,1,0,1,0
hm53vG8SnMnoWg2z97,2,3,2,3,1,2,1,0,1,1,0,0,1,1,0,1,1,5,5,5,5,4,4,2,4,5,3,3,3,3,3,3,3,1,1,1,1,1,1,1,0,1,1,1,1,1,1,1
Hm5HE2PRnMnx41lzNN,1,2,3,1,1,0,1,1,1,1,1,1,1,1,1,1,1,4,4,4,3,4,3,3,4,4,3,0,0,0,0,0,0,1,1,1,0,1,1,1,1,1,1,1,1,1,1,0
Hm5WJIxJnMntGoQz03,2,2,2,2,2,2,0,1,0,0,1,1,1,1,0,0,0,5,5,5,5,5,5,5,5,5,5,5,5,5,5,5,5,1,0,0,0,1,1,1,0,0,0,0,0,0,0,0
Hp5cHpdunMn9Qriz91,4,4,5,4,5,5,0,0,0,0,0,0,0,0,0,0,0,3,5,4,4,4,4,3,4,4,3,5,4,5,4,4,3,1,0,1,1,1,1,0,1,0,1,0,1,1,1,0
HP5DQbYinMnWIvhz53,2,2,2,2,2,2,0,1,1,0,1,0,0,0,0,1,0,3,3,3,3,3,2,1,3,2,3,3,3,3,3,3,3,1,0,0,1,0,1,0,1,0,0,0,0,1,0,0
Hq5EBt6qnMnxVQVzCh,0,1,1,0,0,0,1,1,1,0,1,1,1,1,0,1,1,5,5,5,5,5,5,5,5,5,5,1,1,2,2,1,1,1,1,1,1,1,1,1,1,1,1,1,0,1,1,0
HT5aiJEbnMnHSOFzxh,5,5,5,5,5,5,0,0,0,0,0,1,0,0,0,0,1,5,5,5,5,5,5,5,5,5,5,5,5,5,5,5,5,1,0,0,0,0,0,0,1,0,0,1,0,0,0,0
ht5OvMXEnMnUKapzr1,0,2,2,0,0,0,0,0,1,1,0,1,1,1,0,1,1,4,5,4,4,3,2,3,4,3,5,3,3,3,3,3,3,1,1,1,1,0,1,1,0,0,1,0,1,1,1,1
hu59bHjinMnD7Bpztv,3,3,3,3,2,2,0,1,1,1,1,1,1,1,1,1,0,2,2,2,2,2,2,2,3,2,2,5,3,3,3,3,3,1,1,1,1,0,1,0,1,1,1,1,1,0,1,1
hU5OyI81nMn4qDczLj,2,4,2,3,3,3,0,0,0,1,0,1,1,0,0,0,0,3,2,4,2,3,4,4,3,3,3,4,4,4,4,4,4,1,1,1,1,1,1,0,0,1,0,1,0,1,1,0
hw5V7gOVnMnlebnz0N,0,2,1,0,1,0,0,1,1,1,1,1,1,1,0,1,0,4,3,3,3,3,3,2,2,3,3,0,2,2,2,3,3,1,1,0,1,1,1,1,1,1,1,1,1,1,1,1
hY5yTQUTnMngttszDS,2,2,3,2,2,2,0,0,1,0,1,1,1,1,1,1,0,3,3,3,3,2,3,1,2,4,3,5,3,5,3,3,3,1,1,1,1,0,1,0,1,1,1,1,1,1,1,1
I65DLueGnMniT5Pz7s,1,2,2,1,1,2,1,0,1,1,1,1,1,1,1,1,1,5,5,5,4,4,5,5,4,5,4,4,2,3,3,4,3,1,1,1,1,1,1,1,1,1,1,0,1,1,1,1
i75cVPiYnMnNh15z3q,2,1,1,0,0,1,0,0,0,1,0,0,1,0,0,0,1,5,4,4,4,4,4,2,3,4,3,0,0,0,0,0,0,1,1,1,1,1,1,1,0,0,0,0,1,1,1,0
Ia5VC8BFnMnk6HtzLn,1,1,0,1,1,1,0,1,1,0,1,0,1,1,0,0,1,3,4,4,3,2,2,1,3,3,3,0,0,0,0,0,1,0,0,1,1,0,1,1,0,0,0,0,1,0,0,0
id5lHapTnMn5yrjznc,3,3,2,2,3,3,0,1,1,1,1,1,1,1,0,0,0,4,5,4,4,3,3,3,5,4,5,0,1,1,0,1,0,1,1,1,0,1,1,1,1,0,0,1,1,1,1,1
If5NeJSnnMnChFwzv7,0,0,1,0,0,0,0,0,0,0,0,1,1,0,0,1,0,4,4,4,4,4,4,1,4,4,4,4,3,4,4,4,3,1,1,1,0,1,1,1,1,1,0,1,1,1,1,1
IJ5voklDnMn3BVEzLi,1,3,1,3,2,1,0,1,0,0,1,1,1,0,0,1,0,3,4,4,3,3,2,3,2,3,3,2,2,2,2,2,3,1,1,1,1,1,1,1,0,1,1,1,0,1,1,1
iX5bN9MlnMnaRtMzSj,0,2,0,0,0,0,0,0,0,0,0,1,1,1,1,0,1,4,4,4,4,3,4,4,5,5,3,5,5,5,5,5,5,1,0,0,1,0,0,1,0,0,0,1,0,1,0,0
iy52DgucnMnqT7vzO6,3,3,3,3,2,3,1,1,1,1,1,1,1,1,1,1,1,3,3,3,3,3,3,2,3,3,3,2,2,2,2,2,3,1,1,0,0,0,1,0,1,1,1,1,0,1,0,0
iy59h7qonMnNpjbzFu,4,3,4,2,4,4,1,1,1,1,1,1,1,1,0,1,1,4,4,5,5,3,4,5,4,3,2,3,2,3,1,1,1,1,1,1,1,1,1,0,0,1,1,0,1,1,1,1
j95MhXRqnMne5Qyzfq,4,5,5,4,5,4,1,1,1,1,1,1,1,1,1,1,1,3,3,3,3,3,1,1,3,2,1,0,0,2,2,2,3,0,1,1,0,0,0,1,1,1,1,1,0,1,1,1
Jb5KnK5pnMnxu8Mzwy,4,3,3,5,2,4,0,1,0,0,1,1,1,0,0,1,0,3,2,2,2,3,3,3,3,4,3,4,4,3,4,3,3,0,1,0,1,0,0,0,0,0,0,0,1,0,1,1
JC5n48RcnMnpMe4zfB,1,0,0,0,0,0,0,1,0,1,1,1,1,1,0,1,1,3,4,2,3,4,3,4,4,3,4,1,2,2,1,2,2,1,0,0,1,0,1,1,0,0,1,0,0,1,1,1
JD5n5cyanMnva9izcy,0,0,0,0,0,0,0,0,1,0,0,0,0,0,0,0,1,4,4,3,4,2,4,3,3,4,2,0,0,3,3,3,3,1,0,1,1,0,1,1,0,0,0,1,1,1,1,0
Je5lmTN3nMnJbX7zhS,2,2,3,2,2,2,0,0,0,0,1,1,1,1,0,0,0,3,3,3,3,3,3,2,2,3,2,3,2,3,3,3,3,1,1,1,1,0,1,0,0,1,0,1,0,1,0,0
jg5nBvJmnMnD5JUzQc,0,0,3,0,0,0,0,0,1,1,0,0,1,1,0,1,1,5,4,5,5,5,4,4,4,5,4,1,2,3,2,2,3,1,1,0,1,1,1,1,0,1,0,1,1,1,1,0
jI5UYwSenMn6nyazwn,1,1,1,1,1,1,0,1,1,1,1,1,1,1,1,1,1,3,3,3,3,3,3,3,3,3,3,1,1,1,1,1,1,1,1,1,1,1,1,1,0,1,0,1,1,1,1,0
Jl5CtxwtnMnpVOtznp,0,0,0,0,0,0,1,1,1,1,1,1,1,1,1,1,1,3,3,3,3,2,3,1,3,3,3,0,0,0,0,0,0,1,1,0,1,1,1,1,1,1,1,1,1,1,1,1
jo5dgIHonMnxjWDzw7,0,1,2,1,1,0,0,1,1,1,1,1,1,1,0,1,1,3,4,5,4,5,3,3,2,4,2,1,3,1,2,3,3,1,1,1,1,1,1,1,1,1,1,1,1,1,1,1
Jq5rPGeonMnP1QqzJ4,5,1,1,5,5,4,0,0,1,0,0,0,1,0,0,0,0,3,3,4,3,3,3,3,3,4,3,5,4,4,5,4,3,1,0,1,0,0,0,1,1,0,0,1,1,1,1,0
Jr5Aat4hnMnipq6zSS,0,0,0,0,0,0,0,1,1,1,1,1,1,0,0,1,1,5,5,5,5,5,5,5,5,5,5,0,0,0,0,0,0,1,1,1,1,1,1,1,1,1,1,1,0,1,1,1
JU5nWk7unMnlK2CzkC,1,3,2,1,0,0,1,1,1,0,1,1,1,1,1,1,1,3,3,3,3,4,0,0,2,2,3,3,2,2,3,2,2,1,1,1,1,1,1,1,0,0,1,1,1,1,1,0
jW5NTnTSnMngHQKzpa,2,2,2,2,2,3,0,1,1,1,1,1,1,0,0,1,0,3,3,3,4,3,2,3,3,3,3,3,3,4,3,4,3,1,0,0,0,0,1,0,0,0,1,1,0,1,0,0
Jx5W2X9PnMnvEVTzBF,2,2,2,3,1,1,1,1,0,0,1,1,1,1,1,1,1,3,3,4,5,3,4,3,4,4,3,4,4,4,4,4,4,1,1,1,0,0,1,1,1,1,1,1,0,1,1,1
jY5a7WownMnt82oz4M,1,0,2,1,0,2,0,1,0,0,0,1,1,0,0,0,0,3,4,3,4,5,3,4,3,3,3,0,0,0,0,0,0,1,1,1,1,0,1,1,0,1,1,1,1,1,1,0
jy5niIvFnMnIkckzID,1,3,3,0,0,0,1,1,1,1,1,1,1,1,1,1,1,2,3,3,2,0,2,2,3,3,3,3,3,3,3,3,3,1,0,1,1,1,1,1,1,0,0,1,1,1,1,1
K05uNXS4nMn5VL6zGP,0,0,0,0,0,0,0,0,1,1,0,0,1,1,0,1,0,5,5,5,5,5,5,5,5,5,5,5,5,5,5,5,5,1,1,0,1,1,1,1,1,1,1,1,1,1,1,1
K25DQQ1JnMnei67zqy,1,3,2,0,1,1,0,0,0,0,0,0,0,0,0,0,1,3,3,3,3,3,3,3,3,3,3,5,5,5,5,5,5,1,1,0,0,0,1,0,1,1,0,1,1,1,1,0
k95a4esAnMnFiFczge,2,1,1,2,2,2,0,1,0,0,1,1,1,1,1,1,1,3,3,3,3,3,3,1,2,3,3,1,1,1,1,1,2,1,1,1,1,1,1,1,1,1,1,1,1,1,1,1
K95cWOoCnMn0H2Yzdx,1,1,1,1,1,1,0,0,0,0,0,1,0,0,0,0,0,5,5,5,5,5,5,5,5,5,5,4,4,5,5,5,5,1,0,1,1,0,1,1,0,1,1,0,1,1,1,0
Kf5UMTfQnMnXt90zIa,1,2,2,0,0,0,0,1,1,0,1,0,1,1,0,1,1,4,4,4,4,4,3,3,2,3,3,4,2,3,3,3,3,1,0,0,0,0,0,1,1,1,1,1,0,1,1,1
Kj53kyucnMnhSCOzhO,4,4,5,1,5,4,0,1,1,0,1,1,1,1,0,0,0,4,5,4,4,5,1,4,4,4,4,3,2,4,3,2,1,0,0,0,0,1,1,1,0,0,1,1,1,1,0,1
kj5deirAnMne7K1zrB,2,2,2,0,2,2,0,1,1,0,1,1,1,1,1,1,1,5,4,5,4,4,3,0,2,3,2,5,5,5,5,5,5,1,0,0,1,0,1,1,1,1,0,0,1,1,1,0
kk5xuQBrnMnF6qtzku,2,1,1,1,4,3,0,0,0,0,0,0,1,1,0,0,0,3,3,3,3,2,1,0,2,3,2,4,3,4,4,3,3,1,1,1,1,1,1,1,1,1,1,1,1,1,1,0
kq5B6J7RnMnaCyuzad,0,0,1,0,0,0,0,1,1,1,1,1,1,1,0,1,1,4,5,5,5,5,5,5,5,5,4,3,1,4,4,3,3,1,1,1,1,1,1,1,1,1,1,1,1,1,1,1
KQ5Ju44HnMnEbA7zRb,1,2,1,0,1,1,1,1,1,1,1,1,1,1,0,1,1,3,3,3,3,3,4,1,4,3,3,1,1,1,1,1,1,1,0,0,0,1,1,0,0,0,0,0,0,0,0,0
KQ5vm5IQnMndC1xz3a,2,3,4,2,1,1,0,0,1,0,0,0,1,0,0,0,0,5,5,5,5,5,0,3,4,5,2,5,5,5,5,5,5,1,1,1,1,0,0,1,1,0,0,1,1,1,1,0
Kr5MX4senMn0DTxztO,0,2,4,4,1,5,0,0,0,0,0,0,0,0,0,1,0,4,3,3,3,4,4,2,3,4,2,2,2,4,4,3,5,1,0,1,1,0,1,1,0,0,1,0,0,0,1,0
KS51ClgRnMnsvb9zVJ,5,4,3,4,4,5,0,0,1,1,1,1,1,0,0,1,0,3,4,3,4,1,2,3,3,3,2,2,4,3,3,3,3,1,1,0,0,0,1,0,0,1,1,1,0,1,1,0
kV5w8MjGnMnuTgQzfA,2,2,2,2,1,1,1,1,1,1,1,1,1,1,0,1,0,2,2,0,2,0,1,4,4,2,5,2,2,2,2,2,2,1,0,1,0,0,1,0,0,1,1,1,0,1,1,1
kx5sQUUDnMn2auNztA,4,3,3,2,4,3,0,0,0,0,0,1,1,0,0,0,0,3,4,2,3,1,2,2,3,4,3,4,2,3,2,3,4,0,0,0,0,1,0,0,1,1,0,0,0,0,1,0
ky5DTUkvnMnKFxGz29,0,0,0,0,0,0,1,1,1,0,1,1,1,1,1,1,1,4,4,4,4,4,5,4,5,5,4,5,3,3,3,4,3,1,1,1,1,1,1,1,1,1,1,1,1,1,1,0
L35YbKK4nMnvT0Lz6c,2,3,2,1,0,1,1,1,0,0,1,1,1,1,1,1,1,5,5,5,4,4,3,4,3,5,4,4,3,5,5,4,3,1,1,1,0,1,1,1,0,1,1,1,0,1,1,1
L45gm3J2nMn1eFlz8y,1,2,1,1,1,1,0,0,0,0,1,0,1,1,1,1,1,1,2,1,1,0,1,0,1,1,1,0,0,1,1,0,1,1,1,1,1,1,1,1,1,1,1,0,1,1,1,1
l75jUYOUnMndRMczyr,0,0,0,0,0,0,0,1,1,1,0,1,0,1,0,1,1,5,5,5,5,5,3,3,3,5,4,0,5,5,5,5,3,1,1,1,0,0,0,0,1,1,1,1,0,1,1,1
lA5A3MoEnMnWTDuzOM,0,0,0,0,0,0,1,1,1,1,1,1,1,1,1,1,1,5,5,5,5,4,5,5,5,5,5,0,0,0,0,0,0,1,0,1,1,0,1,1,1,0,1,0,1,1,1,1
LB5eC9brnMnbObLzPB,0,0,0,0,0,0,0,0,1,0,1,1,1,1,0,1,1,4,3,4,4,4,4,3,4,4,5,0,0,0,0,0,0,1,1,1,1,0,1,1,1,1,0,1,0,1,1,1
lc5YiQ69nMnHLijzb3,5,4,4,4,5,3,0,0,0,0,0,0,0,0,0,0,0,5,4,4,4,4,5,4,4,5,3,4,4,4,4,5,5,1,0,0,0,1,1,1,1,0,1,0,1,1,1,0
LE5rRlndnMnA7T6zDR,0,2,2,0,0,0,0,0,0,0,1,1,1,1,0,0,0,3,3,3,3,3,3,2,3,3,3,1,1,2,1,1,1,1,1,1,1,1,1,1,0,1,1,1,1,1,1,0
LF55KmlMnMnUv0MzIL,1,2,2,0,1,1,0,0,1,1,0,0,1,0,0,1,1,3,4,3,3,4,3,2,2,3,3,0,1,2,1,1,2,1,1,1,1,1,1,1,1,1,1,0,1,1,1,0
lj5kgLndnMnqbHmzgf,0,0,0,0,0,0,1,1,1,1,1,1,1,1,1,1,1,5,5,5,5,5,5,5,5,5,5,3,3,3,3,3,2,1,1,0,1,1,1,1,1,1,1,1,1,1,1,1
LK5FvTutnMnjli7zh6,2,2,2,2,2,2,0,0,0,1,0,1,1,1,0,0,1,3,3,3,3,3,3,3,3,3,3,3,3,3,3,3,3,1,1,0,1,1,1,0,1,0,0,1,1,1,1,0
lK5x9EEwnMnp4IdzWe,3,4,4,3,3,3,0,0,0,0,0,0,0,0,0,0,0,4,4,3,4,4,4,4,3,5,3,5,5,5,4,5,5,1,0,0,1,0,1,0,1,0,1,0,0,1,1,0
LO5bQoKGnMnvFuEzpM,5,4,4,4,4,5,0,0,0,0,0,0,0,0,0,0,0,4,5,4,5,5,5,5,4,4,3,5,5,3,3,5,5,1,1,0,1,0,0,1,0,1,0,1,0,0,1,1
lO5gbTbqnMnWmEDzNO,0,1,1,0,0,0,1,1,1,1,1,1,1,1,1,1,1,3,4,3,4,3,3,2,4,4,3,0,0,0,0,0,0,1,1,1,1,1,1,1,0,1,1,1,1,1,1,1
Lp5TLCE1nMnu7oDzpf,5,4,3,2,3,4,0,0,0,0,0,0,0,0,0,0,0,2,4,4,4,3,4,3,4,3,3,3,4,2,4,3,4,1,1,0,1,0,1,0,0,1,1,0,1,1,0,1
Lq5DfvuunMnqWI6ztC,2,2,2,2,1,1,1,1,1,1,1,1,1,1,0,1,1,2,3,3,3,2,2,3,4,3,4,2,2,4,4,3,3,1,0,1,1,1,1,1,1,0,1,0,0,1,1,0
lQ5gRtYdnMn4NtOzKR,0,0,2,0,0,0,1,1,1,1,1,1,1,1,0,1,1,5,5,5,4,5,4,5,5,5,5,2,0,3,2,1,0,1,0,0,1,1,1,1,0,0,1,0,1,1,1,0
lU5WM2PInMnOQu1zbO,2,2,2,2,0,0,0,1,1,1,1,1,1,1,0,0,1,5,5,5,4,5,3,2,5,4,5,2,2,2,2,2,2,1,1,1,1,1,1,0,1,1,0,0,1,1,1,0
lV56vICRnMn0DArzmB,1,1,0,0,0,1,1,1,0,1,1,1,1,1,1,1,1,3,3,4,3,3,3,1,4,4,4,0,0,1,1,1,0,1,1,1,1,0,1,1,1,1,1,1,1,1,1,1
LV5won3KnMn9KwTzYm,0,0,2,0,0,0,1,1,1,0,1,1,0,1,1,1,0,3,3,2,2,2,2,2,3,3,2,0,0,0,0,0,0,1,1,1,1,0,1,1,0,0,0,0,1,1,1,0
lW5cd2MhnMnA2Dazux,0,0,0,0,0,0,1,1,1,1,1,1,1,1,0,1,1,5,5,5,5,3,2,3,5,5,5,0,0,2,2,0,0,1,1,1,1,1,1,1,1,0,1,1,1,1,1,1
M55pQCa7nMnLfK9zQS,1,1,1,1,1,1,0,1,0,1,1,1,1,1,0,1,1,4,3,3,4,2,4,2,3,4,3,2,2,3,3,1,2,1,1,1,0,0,1,1,0,1,1,1,1,1,1,1
Me5E5CjXnMnkEskz6p,1,1,1,1,1,1,0,1,1,0,1,0,0,0,0,0,1,4,4,4,3,3,4,3,4,4,3,4,2,4,4,3,3,1,1,0,1,1,0,0,1,1,0,0,1,1,0,0
mE5NU4RbnMn98g3zwu,3,3,3,3,3,3,1,1,1,1,1,1,1,1,1,1,1,5,5,5,5,5,4,5,5,4,4,4,4,4,4,4,4,1,1,1,1,1,1,1,0,1,1,1,1,1,1,0
mQ5GvysEnMnQkwLztL,2,2,4,2,1,1,1,1,1,1,1,1,1,1,1,0,1,4,4,4,4,4,3,4,4,4,4,5,5,5,5,5,5,1,1,1,0,0,1,0,1,1,1,1,0,1,1,0
mq5P2IGrnMngsBjzYJ,4,4,5,3,4,4,0,1,0,0,0,1,0,1,0,0,0,3,5,4,5,4,3,4,4,4,4,3,4,4,3,3,3,0,0,1,0,0,1,0,1,0,1,1,1,1,1,0
MS5pLd8lnMnAicKzxM,2,2,2,2,2,2,1,1,1,0,1,1,1,1,0,1,0,3,3,3,3,2,3,0,2,3,3,5,2,5,5,5,2,1,1,0,0,1,1,0,1,1,0,1,1,1,1,0
ms5pS7DgnMn4IBWzMX,4,4,5,5,4,3,0,0,0,0,0,0,0,0,0,0,0,2,4,3,4,4,5,3,4,4,5,3,4,3,5,4,4,0,1,0,1,0,0,0,1,1,0,1,0,0,0,1
Mu5EXJ7ynMnthKIzSh,3,4,3,4,2,4,0,0,0,0,0,1,1,1,1,1,1,5,5,5,5,5,4,5,3,5,5,5,3,5,5,4,4,1,1,0,1,0,1,1,0,1,0,0,0,1,0,1
mV5TPIPYnMnk7YLz7o,1,2,2,0,0,0,0,1,1,0,1,0,1,1,0,1,0,5,5,5,5,3,4,1,5,4,5,3,4,5,5,5,5,1,0,0,0,0,1,1,1,1,1,1,0,1,1,0
mw5kcYXYnMn8xI6zQ4,2,2,2,2,2,2,1,1,0,0,1,1,1,1,1,1,1,3,4,3,4,3,3,2,3,4,3,3,3,3,3,3,3,1,1,1,0,0,1,0,0,0,1,0,0,0,0,1
mY5C9XgHnMnQRBxzur,0,0,1,0,0,0,0,0,1,0,1,0,1,1,0,0,1,4,4,3,4,3,3,3,4,3,3,0,3,3,3,3,5,1,1,1,1,0,0,1,1,0,0,1,1,1,1,0
n05RheWtnMn21XTzkk,3,4,3,3,2,1,1,1,1,1,1,1,1,1,0,1,1,2,3,3,3,2,3,2,4,3,3,3,3,3,3,3,3,1,1,0,1,1,0,1,1,1,1,1,1,1,1,0
N55KNJ0TnMnoK67z30,0,3,2,1,0,0,1,1,1,1,1,1,1,1,1,1,1,5,5,5,5,1,3,4,5,4,5,4,3,4,4,5,3,1,1,1,1,1,1,1,0,1,1,1,1,1,1,1
n55nBvqVnMnyhiGzt4,1,4,3,3,1,2,1,1,1,1,1,0,1,0,0,0,0,4,4,4,4,4,4,4,4,3,4,4,4,4,4,3,2,1,1,0,0,1,1,0,1,0,0,1,0,1,1,1
nb52amQRnMnbUD4zjF,2,2,2,1,1,1,1,1,0,1,1,1,1,1,1,1,0,4,5,3,3,3,5,4,3,4,3,4,3,3,4,4,3,1,1,1,0,1,1,1,0,1,0,1,1,1,1,1
Nc5pPjRxnMnqjwYzyA,1,1,2,0,0,0,1,1,1,0,1,1,1,1,1,0,1,2,2,2,2,2,0,1,1,1,1,0,0,0,0,0,0,1,1,0,1,1,1,1,1,1,0,1,1,0,1,0
nd5IAww7nMnj1cOzVC,3,3,3,3,3,3,1,1,0,0,1,1,1,1,0,1,0,3,3,3,3,3,3,3,3,3,3,3,2,3,3,3,3,1,1,1,0,0,0,0,0,0,1,0,0,1,1,1
nf56TOHNnMnbUOlzud,0,0,3,1,0,0,1,1,1,1,1,1,1,1,0,1,1,4,4,3,3,3,2,2,3,3,2,1,1,1,2,1,1,1,1,0,1,1,1,1,1,1,1,1,1,1,1,1
Nf5reSfvnMnYjBfzYL,0,0,1,0,0,0,1,1,1,0,1,1,1,1,1,1,0,4,4,4,4,3,4,2,3,3,3,1,2,2,2,2,1,1,1,1,1,0,1,1,0,1,1,1,1,1,1,1
NF5S2svOnMnYXhbzBW,3,4,3,3,2,2,0,1,0,1,0,1,0,1,0,0,1,4,4,3,4,3,4,2,4,5,3,5,5,5,5,5,5,1,1,1,0,0,1,0,0,1,1,1,0,1,1,1
nf5yvmounMn61RezrC,0,2,2,0,0,0,1,1,1,1,1,1,1,1,0,1,1,5,4,5,4,5,4,4,5,4,5,2,2,3,3,2,4,0,1,1,1,0,1,1,0,1,1,1,1,1,1,1
nM5Npy2RnMnV9UtzLO,1,1,1,1,1,1,1,1,1,1,1,1,1,1,1,1,1,4,4,4,4,4,4,4,4,4,4,0,1,2,2,2,2,1,1,1,1,0,1,1,1,1,1,1,1,1,1,1
nm5Y8GoFnMnhPGxzph,2,3,2,3,3,2,0,0,1,0,0,1,1,0,0,1,1,3,3,3,3,2,3,2,3,3,3,3,3,3,3,3,3,0,0,0,1,1,1,0,1,0,0,0,0,0,0,1
No5uGJFJnMnh1a6zYQ,5,3,3,1,1,5,1,1,1,0,1,1,1,1,1,1,0,4,2,0,5,3,1,1,0,0,3,3,3,3,5,0,5,1,0,0,1,0,1,0,1,1,1,1,1,0,1,1
nP50XTSCnMnbnaazgQ,0,0,0,0,0,0,1,1,1,1,1,1,1,1,0,1,1,5,5,5,5,5,4,3,5,5,5,2,2,3,3,3,2,0,0,0,0,0,1,1,1,0,0,0,1,1,1,0
ns5bfk42nMntdmrzG0,1,1,0,1,1,1,0,1,1,1,0,0,1,0,0,1,1,4,5,4,5,3,3,4,4,4,4,2,2,3,3,4,3,0,1,1,1,0,1,1,0,0,0,0,0,0,1,1
nt5yqgfYnMn9o3jzPX,1,1,2,1,0,1,1,1,1,1,1,1,1,1,0,1,1,5,5,5,4,4,4,3,4,4,5,3,3,4,3,5,3,1,0,0,0,0,0,1,1,0,0,1,1,1,0,0
Nw5NRvA0nMneWJMznR,1,1,1,0,1,1,0,1,1,0,1,1,1,1,1,1,1,4,3,4,3,3,4,3,4,4,3,2,2,2,2,2,1,1,0,1,1,1,1,1,0,1,0,0,0,1,1,0
nw5yXsCanMnTOaezDQ,5,5,5,5,5,5,1,1,1,1,0,0,1,1,0,1,0,5,5,5,5,5,5,5,5,5,5,5,3,5,5,5,5,0,0,0,0,0,0,0,0,1,1,1,0,1,1,0
nY548o8lnMnQ2DJzke,3,3,3,4,4,3,0,0,0,0,0,0,0,0,0,1,1,3,5,4,3,4,4,4,3,4,3,3,3,4,3,4,4,1,0,0,1,1,1,1,1,0,1,0,1,1,1,1
nY5FtqURnMnmIC1zwo,3,3,3,3,2,3,0,0,1,0,1,1,1,1,0,1,1,4,4,5,4,4,3,2,4,4,4,5,5,5,5,5,4,1,1,1,1,0,0,0,1,0,0,0,0,0,1,1
O65mc494nMnGMpVzdf,1,2,2,1,0,0,1,1,1,1,1,1,1,1,1,1,1,3,4,4,3,4,3,1,3,4,3,3,3,3,3,3,2,1,1,1,1,1,1,1,1,1,1,1,1,1,1,1
O65r37Q8nMnmXXMz0a,0,0,0,0,0,0,0,1,0,0,1,0,1,1,0,0,0,3,4,3,3,3,3,0,2,3,3,0,0,0,0,0,0,1,1,1,1,1,1,1,0,1,1,1,1,1,1,1
OD5OUjoynMnpyJBzAk,1,2,3,1,1,1,0,1,1,1,1,1,1,1,1,1,1,4,5,4,5,3,4,3,5,5,5,5,5,5,5,5,5,1,1,1,1,0,1,0,1,0,0,1,0,1,1,1
of5sjQb8nMnVYpQznw,3,3,3,3,4,3,0,1,1,1,1,1,1,0,1,1,1,3,3,2,3,2,0,0,3,3,3,5,3,4,5,4,3,1,1,1,1,0,0,0,0,0,0,0,0,1,1,0
oG5IdGAxnMncFPazIr,0,1,0,0,0,0,1,1,1,1,1,1,1,1,1,1,1,5,5,5,5,4,3,3,3,5,5,0,0,0,0,0,0,1,1,1,1,1,1,1,0,1,1,1,1,1,1,1
Oi5vm9XFnMnuQTxzmt,2,2,2,1,1,1,0,1,0,1,1,1,1,1,1,0,1,4,4,3,4,3,3,3,3,3,4,4,3,3,4,3,3,1,0,0,1,1,1,1,1,1,0,1,1,1,1,0
OJ57wyiinMnBQcpzck,0,0,0,0,0,0,1,1,1,1,1,1,1,1,1,1,1,5,5,5,4,4,2,2,5,3,5,0,0,0,0,0,0,1,1,0,1,1,1,1,0,1,1,0,1,1,1,1
oJ5F6uL5nMnfm3OzoQ,1,2,1,1,2,2,0,1,0,1,1,0,1,1,0,1,0,4,5,4,4,3,3,3,4,5,4,1,1,1,0,0,0,0,1,0,0,0,0,0,0,1,0,0,0,1,1,0
OO5VC8FxnMnheeOzO2,4,3,3,4,4,3,0,0,0,0,0,0,1,1,0,0,0,3,3,3,4,2,2,1,3,2,3,5,5,5,5,5,5,1,0,0,1,1,1,1,0,0,0,0,1,1,0,0
oq50Wuc3nMnqQ4wzlu,3,3,3,3,3,2,0,1,0,1,1,1,1,1,1,1,1,5,5,5,5,5,0,0,5,5,5,5,5,5,5,5,5,1,0,1,0,0,1,0,1,1,1,1,0,0,1,1
oR51iwr3nMnFxiDzWV,3,5,3,5,2,1,0,0,1,0,0,1,0,0,0,0,0,2,3,3,2,2,5,4,1,2,5,2,3,2,1,4,3,0,1,1,1,0,0,0,0,1,1,1,0,1,0,0
oS58IH3dnMnySuvzfN,2,2,3,2,2,2,0,0,1,0,0,1,1,1,1,1,1,4,5,4,4,3,3,2,3,4,3,2,2,2,2,2,2,1,1,1,1,1,1,0,1,0,1,1,0,1,1,1
os5TWIQSnMnvr6WzVD,3,2,2,2,2,2,1,0,1,0,1,1,0,1,1,1,1,3,3,3,3,3,5,2,3,3,3,3,3,3,3,3,3,1,1,1,0,1,1,0,1,1,1,1,1,1,1,1
Ou58wHr1nMnBls7zkh,1,2,3,0,0,0,1,1,1,1,1,1,1,1,0,1,1,4,4,4,4,3,4,4,4,5,4,2,1,3,3,3,2,1,1,1,1,1,1,1,1,1,1,1,1,1,1,1
ow5DVSyInMnIJVmzC9,3,3,5,3,3,2,1,1,1,1,1,1,1,1,1,1,1,3,3,3,3,2,0,1,1,2,3,5,5,5,5,5,5,1,0,0,0,0,1,0,1,0,0,1,0,1,1,0
p05NW7yOnMnWanbzoP,3,3,3,2,2,1,0,1,1,0,1,0,1,1,1,1,0,3,3,3,3,3,3,2,3,3,3,1,1,1,1,0,0,1,1,1,0,1,1,0,0,1,1,1,0,1,1,1
P75KyhJEnMnyytDzPL,2,2,2,2,2,2,0,1,1,1,1,0,1,1,0,1,1,3,4,4,4,4,3,3,4,4,2,2,2,2,2,2,2,1,1,1,1,1,1,1,1,1,1,1,1,1,1,0
Pa5CySIsnMnn7y5zK9,2,2,2,2,2,2,0,1,0,1,1,1,1,1,0,1,1,3,3,3,3,3,3,3,3,3,3,3,3,3,3,2,2,1,1,1,1,1,1,0,0,1,1,1,1,1,1,1
pD5LpaOFnMnje7DzAf,4,4,4,3,5,2,1,1,0,1,1,1,1,0,0,1,0,4,1,4,5,4,3,4,3,4,3,4,5,4,3,4,3,1,0,0,1,1,0,1,0,1,1,1,1,0,0,1
PE5VresanMnvDFuzKq,0,0,2,0,0,2,0,1,0,0,1,1,1,1,1,1,0,3,3,3,3,3,3,3,3,3,3,2,2,3,3,3,2,1,1,0,1,1,1,1,0,0,0,0,1,1,1,0
ph5leUrLnMnpQ01zRk,2,2,2,2,2,1,0,1,1,1,1,1,1,1,1,1,1,2,2,2,2,2,1,1,2,2,2,2,2,2,0,2,2,1,1,0,0,0,1,0,1,1,1,1,0,1,1,1
PI57bQ9rnMndpyHztC,3,3,3,2,4,2,0,0,1,0,1,1,1,1,0,1,0,3,4,4,3,3,3,3,5,3,3,5,4,5,5,5,3,1,1,0,0,1,1,0,0,0,1,0,0,0,1,1
PI5Ny86VnMna0sEz0W,1,2,2,1,0,0,1,1,1,1,1,1,1,1,0,1,1,2,2,3,3,1,2,3,3,2,3,0,0,0,0,0,0,1,1,1,1,1,1,1,0,0,1,1,0,1,1,1
Pl5FoOdEnMnPEIjzqh,1,1,1,1,1,1,0,1,0,1,1,1,0,0,0,0,0,5,5,5,5,5,5,5,5,5,5,0,0,0,0,0,0,0,0,0,0,0,1,0,1,0,0,1,1,0,1,0
PL5ShRu2nMnucCQzRF,0,1,1,0,0,0,0,0,1,0,1,1,1,1,1,1,0,5,5,5,5,5,4,4,4,5,5,0,0,1,1,0,1,1,1,1,0,1,1,1,1,1,0,1,1,1,1,1
PM5DLaU3nMnyAobzVf,4,3,4,4,4,3,0,1,0,0,1,0,0,1,0,1,0,3,4,3,3,4,4,4,4,3,3,3,3,4,4,3,4,0,0,0,1,1,1,1,1,0,1,0,1,1,1,0
Pn5hDNginMnbkDNzht,5,4,3,4,3,3,0,0,1,0,1,1,1,1,0,1,0,3,4,4,5,4,3,5,5,4,3,4,3,3,4,4,5,0,1,0,1,1,0,1,1,0,0,1,1,0,1,0
pp50eG2JnMnAB0jzEj,3,4,2,3,2,2,0,0,0,0,0,0,0,0,0,0,0,2,4,3,2,3,2,4,2,3,3,3,3,2,3,2,2,0,0,0,0,0,0,0,0,0,0,0,0,0,0,0
PP5FHfNTnMnhspJzWH,0,1,1,0,0,0,1,1,0,0,1,1,1,1,0,1,0,3,3,3,3,1,1,1,3,3,2,0,0,0,0,0,0,1,0,0,1,0,1,0,1,0,1,1,0,0,1,0
pu56OXk5nMn51nPzHw,3,2,3,4,3,4,0,0,1,0,0,1,0,0,0,0,0,2,4,3,4,4,3,3,4,5,3,2,3,4,4,3,4,0,0,1,1,0,0,0,1,0,1,0,1,1,1,0
PU5iWOhunMnG5NczCu,5,4,5,4,3,3,0,0,0,1,0,0,1,0,0,0,1,3,3,4,3,1,3,4,3,2,4,5,4,5,5,5,3,1,0,0,0,0,0,0,1,0,0,0,0,0,1,1
Pu5Sb1FfnMnXJyxzvu,4,3,2,3,2,3,0,1,1,1,1,0,1,1,0,0,0,4,4,4,3,4,4,3,4,5,5,5,5,4,5,5,4,1,1,1,1,0,0,0,1,1,1,1,0,1,1,0
pW5F6sxFnMnIWOxzPk,5,5,5,5,5,5,0,1,1,1,1,1,1,1,1,1,1,5,5,5,5,2,2,2,5,3,3,5,5,5,5,5,5,1,1,1,1,0,1,0,1,0,1,1,0,1,1,0
PY5mSO4gnMnn9MIzao,2,1,2,2,2,1,1,0,1,1,0,1,1,0,0,0,0,4,4,3,3,4,4,3,4,4,3,3,3,3,4,3,3,1,0,0,1,0,0,1,0,0,0,0,1,1,1,0
q15XBruBnMnk340zKe,2,3,2,2,2,2,0,1,1,1,1,1,1,1,0,0,1,4,4,4,4,4,4,4,4,4,4,2,3,4,3,3,4,1,0,1,1,0,1,1,0,1,0,0,0,1,1,0
q85HVM2enMnqgHVzcM,1,1,1,1,1,1,1,1,1,1,1,1,1,1,1,1,1,1,2,2,2,1,1,0,2,3,1,3,2,3,3,3,3,1,1,0,1,1,1,1,1,0,1,1,1,1,1,1
Q85jxV5QnMniXqkze9,3,3,2,3,3,3,0,0,0,1,0,1,1,1,0,1,0,4,4,4,4,3,4,4,3,4,3,3,2,3,3,3,4,1,1,1,1,1,0,0,0,1,0,0,1,0,1,0
Qb5wObFFnMncg7VzQw,5,5,5,5,5,5,1,1,1,0,1,1,1,1,1,0,0,2,3,1,2,0,0,3,3,0,3,5,5,5,5,5,5,1,0,1,0,0,1,0,1,0,1,1,0,0,1,0
qC5HuHG2nMnDppFzgH,0,2,2,0,0,0,0,1,0,0,1,1,1,1,0,1,0,3,5,5,4,5,3,3,3,5,3,0,0,2,2,2,2,1,1,1,1,0,1,1,0,1,1,0,1,1,1,1
qe5aM1qhnMnCV51zSs,3,3,4,3,4,3,0,0,0,0,0,0,1,0,0,0,1,3,3,4,4,5,4,3,3,3,3,3,3,4,3,4,3,1,0,0,1,1,1,1,1,0,1,0,1,1,0,0
Qe5xhej6nMnVfPQzGJ,2,2,2,2,1,2,1,1,0,1,1,1,1,1,0,1,1,2,4,3,3,3,2,4,1,4,3,4,3,3,3,3,3,1,0,1,1,0,1,0,0,0,0,0,0,0,1,1
qf5m2LfCnMn3jGXzEp,0,3,0,0,0,0,1,1,1,1,1,1,1,1,1,1,1,5,5,5,5,5,0,2,3,3,4,0,0,0,0,0,0,1,1,0,1,1,1,1,1,1,1,1,0,1,1,1
qf5QId6NnMns3sFzRN,3,2,3,1,1,2,0,1,1,1,1,1,1,0,0,1,1,3,4,3,4,3,3,2,2,4,2,2,1,2,2,2,2,0,1,1,0,0,1,1,0,1,1,1,1,1,1,0
QG5lUJDpnMnFqa6zb4,2,2,3,3,2,2,0,0,0,1,0,0,0,1,0,0,0,1,1,2,2,2,2,2,2,1,2,5,5,5,5,5,5,0,0,0,1,0,1,0,1,0,0,1,0,0,0,0
Qh5uohmbnMnwyUVz7C,5,5,4,4,4,4,0,1,0,1,1,0,1,1,0,1,0,5,5,4,4,5,4,4,2,4,4,4,4,2,4,2,4,0,0,1,0,1,0,0,0,1,1,0,0,1,1,1
qj5ISuaDnMnca0Jznr,0,0,0,0,0,0,1,0,1,1,0,1,1,1,0,0,1,5,5,5,5,5,5,5,5,5,5,2,2,2,2,2,2,1,0,1,1,1,1,1,0,0,0,1,1,1,1,1
QJ5sfdCRnMngopxzBL,5,4,4,4,5,5,0,0,0,0,0,0,0,1,0,0,0,4,5,5,5,4,5,4,4,4,5,5,4,5,5,4,4,1,0,0,1,1,1,1,1,0,1,0,1,1,0,1
qn5mJNECnMnFO4rzWe,0,1,0,0,0,0,0,1,1,1,0,0,1,1,0,1,1,5,5,5,5,4,4,1,5,5,4,0,0,2,3,2,0,1,1,1,1,1,1,1,1,1,0,1,1,1,1,0
QO5r9P8xnMnkolrzFH,1,0,2,0,0,0,0,0,0,1,0,1,1,0,0,0,0,0,0,0,0,0,0,0,0,0,0,0,0,0,0,0,0,1,1,0,1,0,1,1,0,0,1,1,1,1,1,0
qP52ONXwnMnsOuuzYd,2,3,2,3,2,4,0,0,0,1,0,0,0,0,0,1,0,3,4,5,4,2,3,3,4,4,4,4,4,4,3,4,5,0,0,1,1,1,1,1,1,0,1,0,0,1,1,1
QQ5SGGlLnMnN9uvzIJ,1,1,1,1,0,0,1,1,0,1,1,1,1,1,1,1,1,4,4,4,4,4,4,4,4,4,4,3,4,4,3,4,4,1,1,1,0,0,1,0,1,1,0,1,0,1,1,0
qU5WhqvgnMnXgYRzC4,0,4,5,1,0,0,1,1,1,1,1,1,1,1,1,1,0,3,3,3,3,2,5,3,4,5,5,0,0,0,1,0,0,1,1,1,1,1,1,1,0,1,1,1,1,1,1,1
qv5me41lnMnwBooz7a,5,4,4,4,5,4,0,0,0,0,0,0,0,0,0,0,0,4,3,4,2,4,4,5,4,4,3,5,5,4,4,3,3,1,0,0,1,1,1,1,1,0,1,0,1,1,0,0
Qv5uPmuVnMn1tyFz4i,2,2,2,2,2,2,0,0,1,1,0,0,1,0,0,1,1,3,4,3,4,3,3,3,3,3,2,3,3,3,2,3,3,1,1,0,1,0,1,0,0,1,0,0,0,1,1,1
qW5HJ0m4nMnLOXRzNG,0,0,0,0,0,0,0,1,1,0,1,1,1,1,1,1,1,5,5,5,5,5,4,2,4,5,4,2,0,3,3,0,1,1,1,1,1,1,1,1,1,1,1,1,1,1,1,1
Qx53dGTXnMnJCcSzC0,2,3,5,0,1,1,0,0,0,0,0,0,0,0,0,1,0,5,4,4,4,5,0,5,5,5,5,1,3,4,4,4,0,0,0,1,1,0,0,1,0,0,0,0,1,0,0,0
qX5sM2I7nMntDACzSj,3,2,3,2,2,3,0,0,0,1,0,1,1,1,0,0,1,3,3,3,2,2,2,2,3,2,2,2,2,3,1,3,3,1,1,0,1,0,1,1,1,0,0,0,1,1,1,0
QY5CEliAnMn5OG2ztv,1,3,0,2,0,0,1,1,1,1,1,0,0,1,0,1,1,4,5,5,5,5,4,5,5,5,5,0,0,0,0,0,0,1,1,0,1,1,1,1,0,0,1,1,1,1,1,0
Qy5SPXmInMn1xDizfF,0,2,1,1,1,1,1,1,1,0,1,1,1,1,0,1,0,2,2,2,2,2,2,1,1,2,2,2,2,2,2,2,2,1,1,1,1,1,1,1,0,1,0,0,1,0,1,0
Re5NamyLnMnCsR8z0G,0,1,1,0,0,0,1,1,1,1,1,1,1,1,0,1,1,5,5,5,5,5,5,3,4,5,4,0,0,3,3,3,3,1,0,1,1,0,1,1,0,1,0,0,1,1,1,1
RE5xCTGdnMnNr8SzKi,2,5,5,2,0,2,0,0,0,1,0,0,1,1,0,0,1,5,5,5,5,5,5,3,4,5,3,5,5,5,5,5,5,0,1,0,0,0,0,0,0,0,1,1,1,0,0,1
rK5KGEXlnMnAi2Dzo3,2,0,0,1,2,1,1,1,1,1,1,1,0,1,0,1,1,5,5,5,5,5,5,5,5,5,5,5,3,3,4,4,3,1,1,0,0,1,1,1,0,1,1,0,1,1,1,1
rL5CG7oLnMnQlulzTI,0,0,0,0,0,0,0,1,1,1,1,1,1,1,0,1,1,0,2,0,2,0,2,2,0,2,2,0,0,0,0,0,0,1,1,1,1,1,1,1,0,1,0,0,1,1,1,0
rm5BqtVBnMnseM3zeU,3,3,3,2,3,2,0,0,0,0,0,0,1,1,0,0,0,3,2,2,2,3,2,2,2,3,3,2,3,2,2,3,3,1,0,0,1,1,1,1,1,0,0,0,1,0,1,0
rO5KLmGnnMnR71iz0U,2,4,3,3,2,2,1,1,1,1,1,1,1,0,0,1,1,4,5,5,4,3,4,3,4,5,3,5,3,4,4,4,4,1,1,1,0,1,1,1,1,1,1,1,1,1,1,0
Rp5djlk9nMnjOqfzcO,2,2,4,2,2,2,1,1,1,1,1,1,1,1,1,1,1,4,5,5,4,5,5,4,5,5,4,0,0,0,0,0,0,1,0,1,0,0,1,1,1,1,0,1,1,1,1,1
RR5tLY7QnMnWpYYzwh,3,3,3,2,2,2,1,1,1,1,1,1,1,1,1,1,1,4,4,4,4,4,4,3,4,4,4,2,3,4,3,3,4,1,0,0,1,1,0,0,1,0,0,1,1,0,0,0
rs5JMD08nMnhEC9zLf,2,2,2,1,1,2,1,1,1,1,1,1,1,1,0,1,1,3,5,4,4,4,3,3,3,3,4,0,1,1,1,1,2,1,0,1,0,0,1,1,1,1,1,1,0,1,1,0
Rt5eXeXInMnV76HzAu,0,0,0,1,1,1,0,0,1,0,0,1,1,1,0,1,1,5,5,5,4,5,4,5,5,5,4,0,0,0,1,0,0,1,1,1,1,1,1,1,1,1,1,1,1,1,1,1
Rv5MOdWdnMnHAM3z4N,3,3,3,3,2,2,0,0,0,0,0,0,1,0,0,0,1,4,5,3,5,3,4,2,4,4,4,5,5,5,5,5,5,1,0,0,0,0,1,0,0,0,1,1,0,1,1,0
rX5EhDHYnMnnopjzo1,0,4,4,0,0,0,0,1,1,1,1,1,1,1,0,1,1,5,5,5,5,5,5,5,5,5,5,0,0,0,0,0,0,1,1,1,1,1,1,1,1,1,1,1,1,1,1,0
SF54y2oqnMncncUzEg,1,2,2,2,0,0,1,0,1,1,0,1,1,1,0,0,1,3,5,5,4,3,4,3,5,5,4,0,0,3,0,0,0,1,1,1,1,1,1,1,0,0,1,0,1,1,1,1
sF5Vnmi2nMn0sMezhv,0,1,0,0,0,0,0,0,1,0,1,1,1,1,0,1,0,4,5,5,4,4,3,0,2,5,1,1,3,3,3,3,1,1,1,1,1,1,1,1,1,1,1,1,0,1,1,0
Sh5Mey9TnMn7jbDzWp,2,2,3,2,2,2,0,1,0,0,1,1,1,1,1,0,1,3,3,3,3,3,2,2,3,3,3,2,2,2,2,2,2,1,1,0,1,0,1,0,0,0,0,1,0,1,1,0
sj5jD2SenMn3MlGzyM,1,2,3,1,0,1,1,1,1,0,1,1,1,1,1,1,1,4,4,3,4,4,2,3,3,2,3,1,1,1,1,1,1,0,1,1,0,0,1,0,1,1,1,1,1,1,1,1
sK5fyt10nMnjkSwz0L,1,3,3,1,1,2,1,1,0,1,1,1,1,1,1,1,1,4,4,4,4,3,5,4,4,5,4,1,0,0,0,0,0,1,1,1,0,1,1,1,0,1,1,1,1,1,1,1
sM5lSD8snMn0dkezNa,2,2,2,2,2,2,0,1,1,0,1,1,1,1,0,0,1,3,3,3,3,3,3,3,3,3,3,0,0,0,0,0,0,1,1,1,0,0,1,1,1,1,0,1,1,1,1,1
SM5ripTGnMnVk9szK2,0,0,0,0,0,0,0,1,1,0,1,1,1,1,1,1,1,3,3,5,5,0,0,0,3,3,3,0,0,5,0,0,0,1,0,0,0,1,1,0,1,1,0,0,0,0,1,0
SO5EfbCLnMn4LexzC8,3,4,3,4,4,4,0,0,0,0,0,0,0,1,0,0,0,3,4,4,3,4,3,4,4,3,3,4,4,3,4,4,3,1,1,1,0,0,0,1,0,1,1,0,1,0,1,0
SO5WIrk3nMnvo56z5e,1,1,1,0,0,1,0,0,1,1,0,0,1,0,0,0,1,3,5,3,3,2,2,2,1,3,1,0,2,3,4,3,2,1,0,1,1,0,1,1,0,0,1,0,1,1,1,1
sp5DHODwnMn71XFzpl,0,0,0,0,0,0,0,1,1,1,1,0,1,1,0,1,1,4,5,4,4,4,2,4,4,4,4,3,3,4,3,3,3,1,1,1,0,1,1,1,1,0,0,0,0,1,0,0
sp5NNXvRnMn27X4zMT,2,2,1,1,3,1,0,0,0,0,0,0,1,0,1,0,1,3,3,4,4,2,3,4,4,4,4,4,2,4,3,3,3,1,1,0,0,0,1,1,1,0,0,0,1,1,1,1
Sw5QMY4CnMnDJcpzdG,2,3,3,1,1,0,1,1,1,1,1,1,1,1,0,1,1,4,5,4,5,3,4,3,3,5,4,0,0,0,0,0,0,1,1,1,0,1,1,1,0,1,1,1,1,1,1,1
t057FD8pnMn9s5xzVW,2,2,3,3,2,3,0,0,0,0,1,0,1,0,0,0,0,3,2,3,3,3,2,3,3,2,3,3,2,2,3,3,3,0,0,0,0,0,0,0,0,0,0,0,0,0,0,0
t15WVmnjnMn3fLCzC9,1,2,3,1,1,1,1,1,1,1,1,1,1,1,0,1,1,4,4,4,4,3,3,3,4,3,4,0,0,0,0,0,0,1,1,1,1,1,1,1,1,1,1,0,1,1,1,0
T45OdUunnMnwhDLz8S,4,4,2,4,2,4,1,1,1,0,1,1,1,1,0,1,1,5,5,5,5,4,4,4,5,5,5,4,5,5,5,5,5,1,1,0,1,1,1,1,0,1,0,1,1,1,1,0
TI5WEWOFnMnaRGLzEh,0,0,0,0,0,0,1,0,1,1,0,1,1,1,1,1,1,5,5,5,4,5,4,4,5,5,5,0,0,0,0,0,1,1,1,0,1,1,1,1,1,0,1,1,1,1,1,1
TJ5PG0plnMnFsDazoC,1,3,3,2,2,1,0,1,0,1,1,1,1,1,0,0,0,3,5,5,5,4,3,0,5,5,5,3,3,4,3,3,3,0,1,0,1,0,1,1,1,0,0,0,1,1,0,0
tj5wxvJlnMnJ1nTzkE,4,2,1,0,3,4,0,0,0,1,0,1,1,0,0,0,1,2,4,2,2,1,0,5,5,4,4,1,0,1,2,3,3,1,0,1,0,0,0,0,0,0,0,0,1,0,1,1
tk5qfRCLnMnWI5Rzkc,1,1,2,1,0,0,1,1,1,1,1,1,1,1,0,1,1,4,5,5,5,2,4,1,4,5,4,1,1,1,1,1,1,1,1,1,0,1,1,1,1,0,1,1,1,1,1,1
tm5Ea5TBnMnnOLIzPB,1,2,2,1,1,1,1,0,1,1,1,1,1,1,1,1,1,3,3,3,3,3,3,4,4,3,5,1,1,1,2,2,1,1,1,1,1,1,1,1,0,1,0,1,1,1,1,1
Tp52nMSonMnLBpDzpO,0,0,3,0,0,0,1,1,1,1,1,1,1,1,1,1,1,5,5,5,5,4,5,3,3,5,5,0,0,0,0,0,0,1,1,1,0,1,1,1,1,1,1,1,0,1,1,0
tp5elp1cnMn9KeVzyl,0,1,1,0,0,0,0,0,1,0,1,1,1,1,0,0,1,3,4,3,3,2,1,1,2,2,3,4,4,4,4,4,4,0,0,0,1,0,1,0,1,0,0,1,1,1,1,0
tq5iJOHqnMnnLhIzil,2,2,2,1,1,1,1,1,0,1,1,1,1,1,0,1,1,4,4,5,4,3,4,4,3,5,4,2,2,2,2,2,2,1,1,1,1,0,1,1,1,1,1,1,1,1,1,0
TR5Wa1jcnMnanVDzPw,2,2,2,2,2,2,0,1,0,0,1,0,1,1,0,1,1,4,4,4,3,3,4,3,4,4,3,3,3,3,3,3,3,0,0,0,1,0,0,1,1,0,1,0,0,0,0,0
tT5cuaSRnMnXeegzeB,5,3,3,3,3,4,0,1,0,0,1,1,1,1,0,1,1,0,0,0,0,0,0,0,0,0,0,5,5,5,5,5,5,0,1,1,1,0,0,0,1,1,1,1,1,0,1,0
tU5mFtyHnMn36boz0D,2,3,3,2,1,1,0,0,0,0,1,1,1,1,1,1,0,3,3,3,3,3,3,3,3,3,3,0,0,0,0,0,0,1,1,0,1,1,1,0,1,0,1,1,1,1,1,0
tx5iAohFnMncO5Dzjg,5,2,5,3,1,4,0,0,0,0,0,0,0,0,0,0,0,5,3,5,0,4,3,0,3,2,1,3,4,2,1,0,3,0,0,1,0,0,0,0,0,0,0,0,0,1,1,1
U35E7drbnMnaDKUz83,1,2,3,1,1,1,1,1,1,0,1,1,1,1,1,1,0,3,3,2,3,1,0,0,1,1,0,2,2,3,2,2,3,1,0,0,0,1,1,1,1,0,1,1,1,1,1,0
u55uuQ7OnMnvxOKzno,2,3,1,0,0,0,1,1,1,1,1,1,1,1,1,1,1,3,4,3,4,4,3,3,3,3,4,1,0,1,1,1,0,1,1,1,1,1,1,1,0,1,1,1,1,1,1,1
UD58LFn7nMnfYR2zhu,1,3,2,1,1,0,1,1,1,1,1,1,1,1,0,1,1,4,4,4,4,3,4,3,4,4,4,1,1,1,1,1,1,1,1,1,1,0,1,1,1,1,1,1,1,1,1,1
uE5SMG6cnMnfoWgzI8,2,3,2,2,2,3,1,1,1,1,1,1,1,1,1,1,1,4,5,4,4,4,3,4,3,4,2,3,2,3,3,3,2,1,0,1,0,0,0,0,0,1,0,0,0,1,1,0
uH52qhC8nMnNTbezvf,4,4,4,4,4,4,0,0,0,0,0,0,0,1,0,0,0,3,4,4,4,4,3,3,4,4,4,4,4,3,3,4,4,0,0,0,1,0,1,1,1,1,1,0,0,0,1,0
Ui57GrXJnMnVcrNzEq,3,0,4,0,3,2,0,0,0,0,0,1,0,0,0,1,0,4,4,4,4,5,4,4,4,0,5,0,2,2,5,5,5,0,0,0,1,0,0,0,1,0,0,0,1,0,0,0
Ui5bEIx8nMnlvLlzJ4,3,4,2,4,3,3,0,0,0,0,0,0,0,0,0,0,1,4,3,3,2,5,4,4,1,3,3,3,4,2,4,3,4,0,1,1,0,0,0,1,1,0,1,1,1,0,1,1
UK5GMHgbnMncMobzqA,2,2,2,2,2,2,1,1,0,1,1,1,1,1,0,1,0,3,3,3,3,3,3,3,3,3,3,3,2,2,3,2,3,1,1,1,1,1,1,1,1,0,0,0,1,1,1,1
uk5XlH23nMnmtYBz4W,2,1,1,2,2,2,1,1,0,0,1,1,1,1,0,1,1,4,4,4,4,3,4,4,3,4,3,0,0,0,0,0,0,1,1,1,1,1,1,1,0,1,1,1,1,1,1,0
ul53sWSKnMn1aL2zw6,0,0,0,0,0,0,1,1,1,1,1,1,1,1,1,1,1,5,5,5,5,5,5,5,5,5,5,0,0,0,0,0,0,1,0,1,1,1,1,1,1,1,1,1,1,1,1,1
UM56DxlDnMnMyO7zyU,3,3,3,3,3,2,0,1,0,0,1,1,1,1,0,0,0,3,3,3,3,2,1,1,3,3,2,5,5,5,5,5,5,1,0,1,0,0,0,0,0,0,0,0,0,1,1,0
UR59HXhrnMn5pQTzao,1,1,0,0,0,1,0,1,1,0,0,1,1,1,0,1,1,4,4,3,4,1,3,3,3,3,4,3,3,5,4,5,4,1,0,0,1,0,1,0,1,0,0,1,0,1,1,1
ut5UcMXinMn3omdzGT,4,3,3,3,2,3,1,1,1,1,1,1,1,1,1,1,1,2,2,1,2,0,0,2,2,2,1,0,0,0,0,0,0,1,1,1,0,0,1,1,0,1,1,1,0,1,1,0
UU5l33uSnMnQlg9zQo,0,2,2,0,0,0,0,1,1,1,1,1,1,1,1,1,1,3,3,3,3,2,3,2,3,3,3,0,0,0,0,0,0,1,1,0,1,1,1,1,1,1,1,1,1,1,1,0
uv5rIX4YnMnHELFzkd,3,4,4,3,3,3,0,0,1,1,0,0,1,1,0,1,0,3,2,3,4,4,2,3,2,3,3,5,3,3,3,3,2,1,0,1,0,0,1,0,0,0,0,0,0,0,1,0
uW5FUK74nMnArXnzYx,2,2,2,2,1,1,1,1,1,1,1,1,1,1,1,1,1,4,4,3,3,4,3,3,3,4,3,0,0,0,0,0,0,1,1,1,1,1,1,1,1,1,1,1,1,1,1,1
Uw5R2coHnMnSqk7zNg,2,3,3,2,2,0,0,1,1,0,1,1,1,1,0,0,1,5,5,5,5,5,5,5,5,5,5,1,4,4,3,4,3,1,1,0,1,1,1,1,1,1,1,1,1,1,1,1
uX5uBefenMnqJn2z0A,5,3,4,5,5,5,0,0,0,0,0,0,0,1,0,1,0,5,5,5,5,2,5,4,5,2,3,5,5,5,5,4,5,1,1,1,1,0,1,0,0,0,0,0,0,0,1,0
Ux5WOfl8nMnuiCczFq,0,2,2,1,1,0,1,1,1,1,1,1,1,1,1,1,1,4,4,4,3,3,3,3,2,4,3,0,0,1,1,1,0,1,1,1,1,1,1,1,1,1,1,1,1,1,1,1
V158BM36nMny8mYzaq,2,3,2,2,1,0,0,1,0,0,0,1,1,1,0,0,0,3,4,3,3,0,3,0,0,3,1,1,0,0,0,1,3,1,0,0,0,1,1,0,1,1,0,1,1,1,1,0
v15mJanKnMnSiDbzu6,4,4,4,4,4,4,1,1,1,1,1,1,1,1,1,1,1,3,4,4,4,4,4,5,5,4,5,3,3,3,3,3,3,1,1,1,1,1,1,1,0,0,1,1,1,1,1,0
v25e0NDdnMnQE6uzwG,2,2,2,2,2,1,1,1,1,1,1,1,1,1,0,1,0,3,3,3,3,5,3,2,3,4,1,0,3,2,2,3,3,1,1,1,1,1,1,1,1,1,0,1,1,1,1,1
V45rseSgnMnkfYpz0n,0,1,0,0,0,0,1,1,1,1,1,1,1,1,1,1,1,5,5,4,5,5,5,5,4,5,4,0,0,0,1,0,0,1,1,1,1,1,1,1,1,1,1,1,1,1,1,1
v550pkxInMn8JYPzM8,2,2,2,2,2,3,0,0,0,0,0,1,1,1,0,0,1,4,4,4,4,4,4,4,4,4,4,4,4,4,4,4,3,1,1,0,1,0,1,1,1,1,0,0,0,1,0,0
VB5pXVtknMny8MfzUC,2,3,3,2,2,2,1,1,1,1,1,1,1,1,0,1,1,5,5,5,5,5,3,4,5,5,5,1,1,4,2,1,3,1,1,1,0,0,1,1,1,1,1,1,0,1,1,0
VB5SrDuNnMnscuazDo,5,4,3,4,4,5,0,0,1,0,0,0,1,1,0,1,0,4,3,4,4,5,5,5,4,5,5,4,4,3,3,5,5,1,0,0,0,1,0,0,1,0,1,0,0,1,1,0
Vd5wVQTUnMnTfbXzsu,0,0,1,0,0,0,1,1,1,0,1,1,1,1,1,1,1,4,5,4,4,4,4,3,4,4,4,0,0,0,0,0,0,1,1,1,1,1,1,1,1,1,1,1,1,1,1,1
VH5bHDx8nMncN0IzxU,0,1,1,1,1,0,1,1,1,0,1,1,1,1,1,1,1,5,5,4,4,4,4,2,4,4,4,2,2,3,3,3,2,1,1,1,1,1,1,1,0,1,1,1,1,1,1,0
VI5drQ70nMnAxt7zBj,2,2,2,2,2,2,0,0,0,0,0,1,1,0,0,0,0,3,3,3,3,3,3,3,3,3,3,0,0,0,0,0,0,0,0,0,0,0,1,1,1,1,0,0,0,0,0,0
vJ5OdPkDnMnUJ4EzQH,1,2,1,1,1,1,1,1,1,1,1,1,1,0,0,1,1,3,3,3,3,2,2,2,3,3,3,0,0,0,0,0,0,1,1,1,1,1,1,1,1,0,1,1,1,1,1,1
vj5QOOXbnMni3c3zw1,1,2,2,1,1,1,1,1,1,1,1,1,1,1,0,1,1,4,3,3,3,4,3,2,3,4,3,2,3,3,3,3,3,1,0,0,1,0,1,0,1,0,0,1,1,1,1,0
VJ5Ye88AnMnwDAizuI,1,2,2,1,1,1,1,1,1,1,1,1,1,1,1,1,0,5,5,5,5,3,5,4,4,5,5,3,2,3,2,2,1,1,1,1,0,1,1,1,1,1,1,1,1,1,1,1
vl5q7vLanMnsYTYzSY,1,1,2,1,1,1,0,1,0,1,1,0,1,1,0,1,1,4,4,3,4,0,3,4,5,4,4,2,2,2,2,2,3,1,0,1,1,0,1,1,1,0,0,0,1,1,1,0
vN5lHIVFnMnyOfDzsI,2,2,2,2,2,2,0,0,1,0,1,1,1,1,0,1,1,5,4,4,4,4,3,4,5,4,4,5,5,5,5,5,5,1,1,1,1,0,0,0,1,1,1,0,0,1,1,0
VN5vgdaBnMnau0IzXq,0,1,1,0,0,0,0,1,1,1,1,1,1,1,1,1,1,3,4,4,4,3,3,3,3,4,4,0,0,0,0,0,0,1,1,1,0,1,1,1,0,1,1,1,1,1,1,1
Vq50ct11nMn37AYzMJ,3,4,5,2,1,1,1,1,0,1,1,1,1,1,0,1,1,3,4,3,4,2,3,3,4,4,4,1,2,2,2,1,0,1,1,1,0,1,1,1,1,1,1,1,1,1,1,1
vq59U1T6nMno0Q0zla,3,4,3,4,3,4,1,0,0,0,0,1,0,0,0,1,0,4,3,4,4,3,4,3,3,3,3,3,4,2,3,2,3,0,1,0,0,0,0,0,1,1,0,0,0,0,0,1
VQ5OBQ3inMnWqX8zdv,0,1,4,0,0,0,1,1,1,1,1,1,1,1,1,1,1,3,4,4,3,1,3,3,4,3,5,5,5,5,5,5,5,1,1,1,1,1,1,1,1,1,1,1,1,1,1,1
VQ5trokPnMnmbmnzSy,4,0,3,2,2,2,1,0,1,1,0,1,1,1,1,1,0,3,4,1,4,3,4,3,4,5,5,1,0,2,0,0,1,1,1,1,0,1,1,1,0,1,1,1,1,1,1,0
VS5Pdyk2nMn7PJ5zAg,0,1,1,1,0,0,1,1,1,1,1,0,1,0,0,1,0,4,4,3,3,3,2,3,3,4,3,3,3,4,3,3,5,1,1,1,1,1,1,1,0,1,0,1,1,1,1,1
vt55eTYanMnraQ5zjV,1,2,3,1,1,1,0,1,1,0,1,1,1,0,0,1,0,4,4,4,4,4,3,3,3,4,3,2,2,2,2,2,2,1,1,1,1,0,1,1,0,1,1,1,1,1,1,1
vW5ipRN7nMnuNIxzRo,0,0,0,0,0,0,0,1,1,0,0,0,1,1,0,1,1,5,5,5,5,5,5,5,5,5,5,5,5,5,5,5,5,1,0,1,1,1,1,0,0,1,0,0,1,1,1,1
Vy5LNtAYnMnAllvzUV,4,4,5,5,4,3,1,1,1,1,1,1,1,1,1,1,1,3,3,3,3,2,3,3,4,3,4,5,5,5,5,5,5,1,1,1,1,0,0,0,0,0,0,1,0,0,1,0
W25lTDmbnMnkH19zhG,3,3,4,3,3,4,0,1,0,1,0,0,1,1,0,0,1,3,3,3,3,3,3,2,3,3,3,5,4,5,4,5,4,0,0,0,0,0,0,0,1,0,0,1,0,0,0,0
w95Itm7tnMnUETlzxs,1,0,2,1,0,1,1,1,1,0,1,1,1,1,0,1,1,5,5,5,4,5,3,3,4,4,5,2,2,2,2,2,3,1,1,1,1,1,1,1,1,1,1,1,1,1,1,1
wB5P5EHXnMnMGyRznv,0,1,0,0,0,0,0,1,0,0,1,1,1,1,1,0,0,5,5,4,5,3,5,4,4,5,4,2,2,2,2,2,0,1,1,1,0,0,1,1,0,1,0,1,1,1,1,1
wC5IlIJYnMnH83Hzbp,2,2,3,2,2,2,1,1,1,1,1,1,1,1,0,1,1,3,4,5,5,4,4,4,4,4,4,3,4,5,4,4,4,1,1,1,1,0,0,0,0,0,0,1,1,1,1,0
we5yxGAEnMnHRa4zWx,2,2,3,1,1,2,1,1,1,1,1,1,1,1,0,1,1,3,4,3,3,3,3,2,3,4,4,4,3,3,3,3,2,1,1,1,0,1,1,1,1,1,1,1,1,1,1,1
wJ51XIrNnMnPaTMzxr,0,0,0,0,0,0,1,1,1,1,1,0,1,1,1,1,1,3,3,3,3,2,4,4,3,4,3,2,2,2,2,2,1,1,1,1,1,0,1,1,1,1,0,1,1,1,1,1
wJ5EutLpnMn3c1LzuE,1,1,2,1,2,0,0,1,1,1,1,1,1,1,0,1,1,4,3,3,4,3,3,2,3,3,3,3,2,3,3,4,3,1,1,1,1,1,1,0,0,1,1,1,1,1,1,1
wm56SUhlnMnotaDzG7,2,2,2,2,2,2,0,1,0,0,1,1,1,1,0,0,0,3,3,3,3,3,3,3,3,3,3,3,2,3,3,3,3,1,0,1,0,0,1,0,0,0,0,1,0,1,0,0
wN5yu8T2nMnLtcFziN,2,2,2,1,0,1,1,1,1,0,1,0,1,1,0,1,1,3,3,3,5,3,3,3,3,5,4,2,1,1,1,1,2,1,1,0,1,0,1,1,0,1,1,1,1,1,1,0
wo5cPqJqnMn2FhTzMo,3,2,1,4,5,4,0,0,1,1,1,1,1,1,1,1,0,3,4,5,3,1,4,5,5,5,5,2,4,5,3,5,3,1,0,1,1,0,1,0,0,0,0,0,1,0,1,0
wQ5mulnFnMne8fUzrC,3,3,2,4,4,3,0,1,0,1,0,1,0,0,0,0,0,2,3,3,3,4,4,4,3,3,2,4,3,3,3,3,2,0,0,0,1,1,1,1,1,1,0,0,0,0,1,0
WR5QjVmRnMnXaOnzv8,0,0,1,0,0,0,1,0,1,1,1,1,1,1,0,1,1,5,5,3,5,2,1,2,3,3,2,0,0,1,1,0,1,1,0,1,1,1,1,1,0,0,0,1,1,1,1,0
WT5596QqnMnVxhGzwv,0,2,1,0,0,0,0,1,1,1,1,0,1,1,0,1,1,4,5,4,5,4,5,2,4,5,3,4,3,5,5,5,4,1,1,1,1,1,1,1,1,1,0,1,1,1,1,1
WV5DXsoUnMnGVohzFq,2,2,2,3,2,2,1,1,1,1,1,1,1,1,1,1,1,3,3,3,3,1,3,2,4,3,4,0,0,0,0,0,0,1,0,0,0,0,1,1,1,0,0,1,0,1,1,0
WW5CCauDnMnusXvzyQ,1,2,2,1,2,2,1,1,1,0,1,1,1,1,0,0,0,3,4,4,3,3,3,3,3,3,3,0,0,0,0,0,0,1,1,1,1,1,1,1,1,0,0,0,1,1,1,1
WW5hWtfRnMnFkNIzYN,2,1,2,2,2,1,1,1,1,1,1,1,1,1,1,1,1,4,4,3,4,2,3,3,3,3,3,4,2,3,4,3,3,1,1,1,1,0,1,1,0,1,1,1,1,1,1,1
WW5WO69WnMnYUAxz4h,0,0,1,0,0,0,1,1,1,1,1,0,1,1,1,0,1,3,5,5,5,3,3,4,4,4,4,0,0,0,0,0,1,1,1,1,1,1,1,1,0,1,1,1,1,1,1,0
Wx58a4D5nMnqtjqznJ,2,0,3,0,2,2,1,1,1,1,1,1,1,1,1,1,1,2,4,3,3,2,2,2,2,2,2,0,0,0,0,0,0,1,1,0,1,0,1,1,1,1,1,1,0,1,1,0
Wx5dMstunMntgbiz7m,2,2,1,2,2,2,1,0,1,1,0,1,1,1,0,0,1,3,3,3,4,5,3,3,3,3,5,2,2,2,2,2,2,1,1,0,0,0,1,0,0,0,1,1,0,1,1,0
X35tMvuPnMnUs9azlx,0,1,1,0,0,0,1,1,1,1,1,1,1,1,0,1,1,5,5,5,4,5,4,3,3,4,4,1,0,3,3,2,2,1,1,1,1,1,1,1,0,1,0,1,1,1,1,1
X55bMeLunMn5d67zCi,4,4,4,4,3,4,0,1,0,1,1,1,1,1,1,0,1,3,3,3,4,3,3,0,4,4,3,5,5,5,5,5,5,1,1,1,0,0,0,0,1,0,0,1,0,1,0,0
X75rgW0XnMnrKkdzAe,2,2,2,2,2,2,1,1,0,0,1,1,1,1,0,1,1,4,4,4,4,4,4,4,4,4,4,4,2,4,4,4,4,1,1,0,1,1,1,1,1,1,0,0,1,1,1,1
Xa5lYUd2nMn5obszt5,3,3,2,3,1,2,0,1,1,1,1,1,1,1,1,1,1,3,3,4,4,3,1,3,3,3,3,0,2,2,0,0,2,1,0,1,0,0,1,0,0,0,0,0,0,1,1,0
xb5nAyM5nMn0fAEzcr,0,0,1,1,0,1,0,1,1,1,1,1,1,1,0,1,1,4,5,4,4,4,4,5,4,4,4,1,1,1,1,1,1,1,0,0,1,1,1,1,1,1,1,0,1,1,1,0
xE505y4unMnMS8wzSG,0,0,0,0,0,0,0,0,0,1,0,0,0,0,0,0,0,5,5,5,5,5,5,5,5,5,5,5,0,5,5,5,0,1,0,0,1,1,1,1,0,0,0,0,0,1,0,0
Xi56wfERnMn7AiozUT,5,4,4,5,4,3,0,0,0,0,0,0,0,0,0,0,0,4,5,5,3,4,3,4,5,4,3,4,4,5,5,4,3,1,0,1,1,0,0,1,1,1,1,1,1,0,1,1
xi5dBlYUnMnPHSez7Y,1,1,1,1,1,1,0,1,1,0,1,1,1,1,0,1,0,4,5,5,4,5,4,5,4,5,4,1,3,3,3,3,3,1,1,1,1,0,1,1,0,0,1,0,0,0,1,1
xl5ftHNenMnjb6ozfK,2,1,2,3,1,2,0,1,1,0,1,1,1,1,0,1,1,3,4,3,3,3,2,2,4,3,4,2,2,2,1,1,0,1,1,1,1,0,1,1,1,0,0,1,0,1,1,1
XN5sTt2xnMnAPNQzxM,4,4,4,4,2,2,1,1,1,1,1,1,1,1,1,1,1,4,4,3,4,3,3,2,4,4,4,5,4,5,4,4,5,1,1,1,0,1,1,0,1,1,0,1,0,0,1,0
XP5M8N6nnMndLr7zr6,0,1,3,2,0,0,0,1,1,0,1,0,1,1,1,1,0,4,3,4,4,2,3,0,4,2,3,5,2,5,5,5,4,1,1,0,1,0,1,1,1,0,0,0,1,1,1,1
xT5uQ9QknMn7jNPzG4,1,1,1,1,1,1,1,1,1,1,1,1,1,1,0,0,1,2,3,3,3,3,2,1,2,3,3,2,2,1,2,2,2,1,0,1,1,0,1,0,1,1,0,1,1,1,1,1
y25qOTeOnMnmLPsz3U,2,4,2,4,3,4,0,1,0,0,0,1,0,1,0,0,0,5,4,5,4,3,4,4,4,4,4,2,4,3,4,4,4,0,0,0,0,0,1,1,0,0,1,0,0,0,1,0
Y55w7LMwnMnatL6zyr,0,1,2,0,0,1,1,1,1,0,1,1,1,1,0,1,0,3,4,4,3,3,3,2,3,4,3,2,1,2,2,2,2,1,1,0,1,0,1,0,1,1,1,0,0,1,1,0
y65131R3nMn6fF2zJI,1,0,3,1,0,0,1,1,1,0,1,1,1,1,0,1,1,5,5,5,5,1,4,4,4,5,4,0,0,0,0,0,0,1,1,1,1,0,1,1,0,1,1,1,1,1,1,1
y65wJQ00nMnj9Ebzpt,2,2,2,1,1,2,0,1,1,0,1,0,1,1,0,1,1,3,4,3,4,3,3,2,3,4,3,0,0,0,0,0,3,1,0,1,1,1,1,1,0,1,0,0,1,1,1,1
Y85TKHudnMnojXVz5v,2,1,2,0,1,1,0,0,0,0,0,1,1,1,0,1,1,4,4,4,5,5,3,3,4,4,3,3,2,5,5,5,4,1,1,1,1,1,1,1,0,0,0,0,1,1,1,1
Yb5f6JdrnMncawYzcI,0,2,2,0,0,0,0,0,0,0,0,0,1,1,0,0,0,4,4,5,4,4,0,0,3,4,3,0,3,2,2,3,3,1,1,1,1,1,1,1,0,0,0,1,0,1,1,1
Yc5SsTrenMnlHngzRk,0,1,1,0,1,0,0,1,0,1,0,0,1,0,0,0,1,3,2,3,3,1,1,1,2,2,2,5,5,5,5,5,5,1,0,1,0,1,1,1,1,0,0,0,1,1,1,0
yD5L7jHNnMnnkDPztN,3,4,3,4,3,4,0,0,0,0,0,0,0,0,0,1,1,3,4,3,3,4,3,4,3,4,4,4,3,4,3,3,4,1,0,1,1,1,1,1,0,0,1,0,1,1,1,0
yd5w0OItnMnoMG8zJv,2,2,2,0,0,0,1,1,1,1,1,1,1,1,1,1,1,4,5,4,4,3,3,3,4,4,4,0,0,0,0,0,0,1,1,1,1,0,1,1,1,1,1,1,1,1,1,0
Yf56lNc3nMnICFvzxm,2,3,3,2,2,2,0,1,1,1,1,1,1,1,0,1,1,3,3,3,3,3,1,2,2,2,4,5,2,3,3,4,2,0,0,0,1,0,1,1,0,1,0,1,1,1,1,0
Yf5eUDcAnMnBBGbzHK,0,0,0,1,0,2,0,1,1,0,1,1,0,0,1,1,0,3,4,4,4,3,3,4,3,5,3,0,1,1,0,1,1,1,1,1,0,1,1,0,0,1,1,1,1,1,1,1
yI5dFdi6nMnwAUqzia,2,2,4,2,2,2,1,1,1,0,1,1,1,1,1,1,1,3,3,3,3,3,3,2,3,3,3,5,5,5,5,5,5,1,1,1,1,1,1,1,1,1,1,1,1,1,1,1
yI5RHgTpnMnHeTwzxv,0,0,0,0,0,0,0,1,1,1,1,1,1,1,0,1,1,5,5,5,4,5,4,2,3,3,3,0,0,4,3,3,3,1,1,1,1,1,1,1,1,1,0,1,1,1,1,0
YJ5tLHn5nMnTw0kzUn,3,3,0,0,5,1,1,1,1,0,1,1,1,1,0,0,0,5,4,5,3,1,3,1,1,4,4,5,5,3,1,2,3,0,0,0,0,0,0,0,0,0,0,0,0,0,0,0
yq5XMJILnMnsPKUzu3,0,2,1,0,0,0,1,1,1,1,1,1,1,1,0,1,1,4,5,4,3,4,5,3,3,5,3,2,2,2,2,2,2,1,1,0,0,0,1,1,0,1,1,1,0,1,1,1
yR57jsU7nMnkyR2zF7,0,2,2,0,0,0,0,1,0,0,1,1,1,1,0,1,0,5,5,5,5,5,4,3,4,5,5,0,2,3,3,3,3,1,0,1,1,1,1,1,0,0,1,0,1,1,1,1
Yr5BnGPLnMn6aRFzPY,2,2,2,2,2,2,1,0,1,1,1,0,1,1,0,1,1,4,5,3,5,3,2,2,3,2,3,1,1,1,1,1,1,1,1,1,1,1,1,1,1,1,1,1,0,1,1,1
yr5dvb03nMntwtVzmw,2,3,3,1,1,1,1,1,1,1,1,1,1,1,0,1,1,3,5,4,4,3,2,4,4,3,3,4,3,3,4,3,3,1,1,1,0,1,1,0,0,1,1,0,1,1,1,0
YR5kviVXnMnnJG0zok,4,4,2,4,3,3,0,1,0,0,0,1,0,0,0,0,0,2,4,3,4,4,4,4,4,4,4,4,3,3,2,4,3,1,0,1,1,0,1,0,1,1,1,1,0,1,1,0
YU5VYRFinMnBrIOz2H,2,1,1,1,0,1,0,0,0,0,0,1,0,0,0,0,1,3,4,4,4,3,3,1,4,4,3,1,3,3,3,3,4,1,1,0,0,0,1,1,0,0,0,0,0,1,0,0
